instance_id,n_sys,d,M,M_over_d,degree,model_type,model_name,source,p_opt,p_succ,gap_abs,gap_rel,p_succ_full_ref,gap_abs_full_ref,gap_rel_full_ref,num_ucr_params_degree,num_ucr_params_full,best_restart,seed_opt,num_steps,termination_reason,wall_clock_sec,optimizer_name,learning_rate,learning_rate_schedule,max_steps,eval_interval,threshold,num_restarts,seed_start,projection_strategy,benchmark_seed,data_seed,raw_outcomes,effective_m_outcomes,coverage_ratio,class_group_sizes,prior_type,fiducial_id,orbit_index_set_id
0,3,8,9,1.125,1,walsh_degree_1,walsh_k_local,trained,0.6976769379201079,0.6917046554773686,0.005972282442739285,0.008560240590069757,0.6976764665811428,4.7133896508011475e-07,6.755834104037541e-07,22,120,43,43,300,threshold,20.969769267365336,adam,0.01,constant,1000,50,1e-06,100,0,drop_extra,309000,609000,16,9,0.5625,"[1, 1, 1, 1, 1, 1, 1, 1, 1]",uniform,weyl_seed_309000,weyl_labels_seed_609000_unique
0,3,8,9,1.125,2,walsh_degree_2,walsh_k_local,trained,0.6976769379201079,0.6936233451005233,0.004053592819584617,0.005810128727587095,0.6976764665811428,4.7133896508011475e-07,6.755834104037541e-07,56,120,55,55,1000,threshold,69.64531905949116,adam,0.01,constant,1000,50,1e-06,100,0,drop_extra,309000,609000,16,9,0.5625,"[1, 1, 1, 1, 1, 1, 1, 1, 1]",uniform,weyl_seed_309000,weyl_labels_seed_609000_unique
0,3,8,9,1.125,3,walsh_degree_3,walsh_k_local,trained,0.6976769379201079,0.6976765883341813,3.49585926540108e-07,5.010713519960719e-07,0.6976764665811428,4.7133896508011475e-07,6.755834104037541e-07,91,120,11,11,550,threshold,39.69203009456396,adam,0.01,constant,1000,50,1e-06,100,0,drop_extra,309000,609000,16,9,0.5625,"[1, 1, 1, 1, 1, 1, 1, 1, 1]",uniform,weyl_seed_309000,weyl_labels_seed_609000_unique
0,3,8,9,1.125,4,walsh_degree_4,walsh_k_local,trained,0.6976769379201079,0.6976765885434146,3.4937669324275333e-07,5.007714520194747e-07,0.6976764665811428,4.7133896508011475e-07,6.755834104037541e-07,112,120,95,95,500,threshold,36.82418284378946,adam,0.01,constant,1000,50,1e-06,100,0,drop_extra,309000,609000,16,9,0.5625,"[1, 1, 1, 1, 1, 1, 1, 1, 1]",uniform,weyl_seed_309000,weyl_labels_seed_609000_unique
0,3,8,9,1.125,5,walsh_degree_5,walsh_k_local,trained,0.6976769379201079,0.6976765882068369,3.4971327100841165e-07,5.012538784082009e-07,0.6976764665811428,4.7133896508011475e-07,6.755834104037541e-07,119,120,25,25,450,threshold,34.83867320045829,adam,0.01,constant,1000,50,1e-06,100,0,drop_extra,309000,609000,16,9,0.5625,"[1, 1, 1, 1, 1, 1, 1, 1, 1]",uniform,weyl_seed_309000,weyl_labels_seed_609000_unique
1,3,8,9,1.125,1,walsh_degree_1,walsh_k_local,trained,0.7600614553931042,0.7177832327323842,0.04227822266072001,0.05562474239514447,0.760061888742297,-4.3334919275217487e-07,-5.701502025622999e-07,22,120,90,90,300,threshold,21.59218342229724,adam,0.01,constant,1000,50,1e-06,100,0,drop_extra,309001,609001,16,9,0.5625,"[1, 1, 1, 1, 1, 1, 1, 1, 1]",uniform,weyl_seed_309001,weyl_labels_seed_609001_unique
1,3,8,9,1.125,2,walsh_degree_2,walsh_k_local,trained,0.7600614553931042,0.7451605726579773,0.014900882735126908,0.01960483935791766,0.760061888742297,-4.3334919275217487e-07,-5.701502025622999e-07,56,120,7,7,1000,max_steps,74.56323079578578,adam,0.01,constant,1000,50,1e-06,100,0,drop_extra,309001,609001,16,9,0.5625,"[1, 1, 1, 1, 1, 1, 1, 1, 1]",uniform,weyl_seed_309001,weyl_labels_seed_609001_unique
1,3,8,9,1.125,3,walsh_degree_3,walsh_k_local,trained,0.7600614553931042,0.7600618931544305,-4.377613262995794e-07,-5.759551720369361e-07,0.760061888742297,-4.3334919275217487e-07,-5.701502025622999e-07,91,120,25,25,350,threshold,24.62285698391497,adam,0.01,constant,1000,50,1e-06,100,0,drop_extra,309001,609001,16,9,0.5625,"[1, 1, 1, 1, 1, 1, 1, 1, 1]",uniform,weyl_seed_309001,weyl_labels_seed_609001_unique
1,3,8,9,1.125,4,walsh_degree_4,walsh_k_local,trained,0.7600614553931042,0.7600618930439402,-4.376508360159903e-07,-5.758098018398223e-07,0.760061888742297,-4.3334919275217487e-07,-5.701502025622999e-07,112,120,96,96,250,threshold,18.058087995275855,adam,0.01,constant,1000,50,1e-06,100,0,drop_extra,309001,609001,16,9,0.5625,"[1, 1, 1, 1, 1, 1, 1, 1, 1]",uniform,weyl_seed_309001,weyl_labels_seed_609001_unique
1,3,8,9,1.125,5,walsh_degree_5,walsh_k_local,trained,0.7600614553931042,0.7600618930410667,-4.3764796253675797e-07,-5.758060212518029e-07,0.760061888742297,-4.3334919275217487e-07,-5.701502025622999e-07,119,120,56,56,250,threshold,17.394406970590353,adam,0.01,constant,1000,50,1e-06,100,0,drop_extra,309001,609001,16,9,0.5625,"[1, 1, 1, 1, 1, 1, 1, 1, 1]",uniform,weyl_seed_309001,weyl_labels_seed_609001_unique
2,3,8,9,1.125,1,walsh_degree_1,walsh_k_local,trained,0.6767096934236514,0.6525122542626389,0.02419743916101247,0.03575748861907282,0.6767117880658846,-2.0946422332190906e-06,-3.095333572985703e-06,22,120,64,64,300,threshold,21.00817070156336,adam,0.01,constant,1000,50,1e-06,100,0,drop_extra,309002,609002,16,9,0.5625,"[1, 1, 1, 1, 1, 1, 1, 1, 1]",uniform,weyl_seed_309002,weyl_labels_seed_609002_unique
2,3,8,9,1.125,2,walsh_degree_2,walsh_k_local,trained,0.6767096934236514,0.6685646263340612,0.008145067089590174,0.012036279617012945,0.6767117880658846,-2.0946422332190906e-06,-3.095333572985703e-06,56,120,72,72,1000,max_steps,70.3080480825156,adam,0.01,constant,1000,50,1e-06,100,0,drop_extra,309002,609002,16,9,0.5625,"[1, 1, 1, 1, 1, 1, 1, 1, 1]",uniform,weyl_seed_309002,weyl_labels_seed_609002_unique
2,3,8,9,1.125,3,walsh_degree_3,walsh_k_local,trained,0.6767096934236514,0.676711862645656,-2.1692220045776978e-06,-3.2055429760478765e-06,0.6767117880658846,-2.0946422332190906e-06,-3.095333572985703e-06,91,120,66,66,300,threshold,20.340380381792784,adam,0.01,constant,1000,50,1e-06,100,0,drop_extra,309002,609002,16,9,0.5625,"[1, 1, 1, 1, 1, 1, 1, 1, 1]",uniform,weyl_seed_309002,weyl_labels_seed_609002_unique
2,3,8,9,1.125,4,walsh_degree_4,walsh_k_local,trained,0.6767096934236514,0.6767118627407203,-2.1693170688674712e-06,-3.2056834562134445e-06,0.6767117880658846,-2.0946422332190906e-06,-3.095333572985703e-06,112,120,34,34,350,threshold,25.12927172333002,adam,0.01,constant,1000,50,1e-06,100,0,drop_extra,309002,609002,16,9,0.5625,"[1, 1, 1, 1, 1, 1, 1, 1, 1]",uniform,weyl_seed_309002,weyl_labels_seed_609002_unique
2,3,8,9,1.125,5,walsh_degree_5,walsh_k_local,trained,0.6767096934236514,0.6767118627398387,-2.1693161873503897e-06,-3.2056821535616722e-06,0.6767117880658846,-2.0946422332190906e-06,-3.095333572985703e-06,119,120,9,9,500,threshold,35.73535019159317,adam,0.01,constant,1000,50,1e-06,100,0,drop_extra,309002,609002,16,9,0.5625,"[1, 1, 1, 1, 1, 1, 1, 1, 1]",uniform,weyl_seed_309002,weyl_labels_seed_609002_unique
3,3,8,9,1.125,1,walsh_degree_1,walsh_k_local,trained,0.7297702373273574,0.7223418331145732,0.007428404212784123,0.01017909998630421,0.7297699361436416,3.01183715745168e-07,4.127103303749345e-07,22,120,66,66,300,threshold,21.14873635955155,adam,0.01,constant,1000,50,1e-06,100,0,drop_extra,309003,609003,16,9,0.5625,"[1, 1, 1, 1, 1, 1, 1, 1, 1]",uniform,weyl_seed_309003,weyl_labels_seed_609003_unique
3,3,8,9,1.125,2,walsh_degree_2,walsh_k_local,trained,0.7297702373273574,0.7246290344073525,0.0051412029200048615,0.007044961080947237,0.7297699361436416,3.01183715745168e-07,4.127103303749345e-07,56,120,49,49,1000,threshold,67.4514399021864,adam,0.01,constant,1000,50,1e-06,100,0,drop_extra,309003,609003,16,9,0.5625,"[1, 1, 1, 1, 1, 1, 1, 1, 1]",uniform,weyl_seed_309003,weyl_labels_seed_609003_unique
3,3,8,9,1.125,3,walsh_degree_3,walsh_k_local,trained,0.7297702373273574,0.7297699473860554,2.899413019674668e-07,3.9730491480348786e-07,0.7297699361436416,3.01183715745168e-07,4.127103303749345e-07,91,120,74,74,300,threshold,21.128807635977864,adam,0.01,constant,1000,50,1e-06,100,0,drop_extra,309003,609003,16,9,0.5625,"[1, 1, 1, 1, 1, 1, 1, 1, 1]",uniform,weyl_seed_309003,weyl_labels_seed_609003_unique
3,3,8,9,1.125,4,walsh_degree_4,walsh_k_local,trained,0.7297702373273574,0.7297699482584197,2.8906893767555175e-07,3.9610951898259233e-07,0.7297699361436416,3.01183715745168e-07,4.127103303749345e-07,112,120,41,41,250,threshold,16.97655652835965,adam,0.01,constant,1000,50,1e-06,100,0,drop_extra,309003,609003,16,9,0.5625,"[1, 1, 1, 1, 1, 1, 1, 1, 1]",uniform,weyl_seed_309003,weyl_labels_seed_609003_unique
3,3,8,9,1.125,5,walsh_degree_5,walsh_k_local,trained,0.7297702373273574,0.72976994812628,2.8920107730812106e-07,3.9629058916853635e-07,0.7297699361436416,3.01183715745168e-07,4.127103303749345e-07,119,120,2,2,300,threshold,22.386844877153635,adam,0.01,constant,1000,50,1e-06,100,0,drop_extra,309003,609003,16,9,0.5625,"[1, 1, 1, 1, 1, 1, 1, 1, 1]",uniform,weyl_seed_309003,weyl_labels_seed_609003_unique
4,3,8,9,1.125,1,walsh_degree_1,walsh_k_local,trained,0.721296251925996,0.7176219135660167,0.0036743383599793233,0.005094076601906848,0.7212923489008759,3.90302512009999e-06,5.4111263016800414e-06,22,120,43,43,300,threshold,20.9256087616086,adam,0.01,constant,1000,50,1e-06,100,0,drop_extra,309004,609004,16,9,0.5625,"[1, 1, 1, 1, 1, 1, 1, 1, 1]",uniform,weyl_seed_309004,weyl_labels_seed_609004_unique
4,3,8,9,1.125,2,walsh_degree_2,walsh_k_local,trained,0.721296251925996,0.718244553150764,0.003051698775232037,0.004230853504483671,0.7212923489008759,3.90302512009999e-06,5.4111263016800414e-06,56,120,93,93,650,threshold,46.300628582015634,adam,0.01,constant,1000,50,1e-06,100,0,drop_extra,309004,609004,16,9,0.5625,"[1, 1, 1, 1, 1, 1, 1, 1, 1]",uniform,weyl_seed_309004,weyl_labels_seed_609004_unique
4,3,8,9,1.125,3,walsh_degree_3,walsh_k_local,trained,0.721296251925996,0.7212923731427925,3.878783203514757e-06,5.377517480726789e-06,0.7212923489008759,3.90302512009999e-06,5.4111263016800414e-06,91,120,10,10,450,threshold,31.35403785854578,adam,0.01,constant,1000,50,1e-06,100,0,drop_extra,309004,609004,16,9,0.5625,"[1, 1, 1, 1, 1, 1, 1, 1, 1]",uniform,weyl_seed_309004,weyl_labels_seed_609004_unique
4,3,8,9,1.125,4,walsh_degree_4,walsh_k_local,trained,0.721296251925996,0.721292376034889,3.875891106952523e-06,5.373507898596683e-06,0.7212923489008759,3.90302512009999e-06,5.4111263016800414e-06,112,120,27,27,400,threshold,27.720192570239305,adam,0.01,constant,1000,50,1e-06,100,0,drop_extra,309004,609004,16,9,0.5625,"[1, 1, 1, 1, 1, 1, 1, 1, 1]",uniform,weyl_seed_309004,weyl_labels_seed_609004_unique
4,3,8,9,1.125,5,walsh_degree_5,walsh_k_local,trained,0.721296251925996,0.7212923760429776,3.875883018422677e-06,5.373496684716361e-06,0.7212923489008759,3.90302512009999e-06,5.4111263016800414e-06,119,120,76,76,450,threshold,31.646563984453678,adam,0.01,constant,1000,50,1e-06,100,0,drop_extra,309004,609004,16,9,0.5625,"[1, 1, 1, 1, 1, 1, 1, 1, 1]",uniform,weyl_seed_309004,weyl_labels_seed_609004_unique
0,3,8,10,1.25,1,walsh_degree_1,walsh_k_local,trained,0.6753763825492125,0.6283764653748507,0.046999917174361805,0.06959070288623406,0.675376486649852,-1.0410063944199521e-07,-1.541372220465671e-07,22,120,68,68,1000,max_steps,74.61471798084676,adam,0.01,constant,1000,50,1e-06,100,0,drop_extra,310000,610000,16,10,0.625,"[1, 1, 1, 1, 1, 1, 1, 1, 1, 1]",uniform,weyl_seed_310000,weyl_labels_seed_610000_unique
0,3,8,10,1.25,2,walsh_degree_2,walsh_k_local,trained,0.6753763825492125,0.6734952580650135,0.0018811244841989705,0.0027852979950211674,0.675376486649852,-1.0410063944199521e-07,-1.541372220465671e-07,56,120,18,18,1000,max_steps,76.36897446587682,adam,0.01,constant,1000,50,1e-06,100,0,drop_extra,310000,610000,16,10,0.625,"[1, 1, 1, 1, 1, 1, 1, 1, 1, 1]",uniform,weyl_seed_310000,weyl_labels_seed_610000_unique
0,3,8,10,1.25,3,walsh_degree_3,walsh_k_local,trained,0.6753763825492125,0.6753765545516017,-1.720023892204381e-07,-2.54676345908357e-07,0.675376486649852,-1.0410063944199521e-07,-1.541372220465671e-07,91,120,38,38,350,threshold,28.103217136114836,adam,0.01,constant,1000,50,1e-06,100,0,drop_extra,310000,610000,16,10,0.625,"[1, 1, 1, 1, 1, 1, 1, 1, 1, 1]",uniform,weyl_seed_310000,weyl_labels_seed_610000_unique
0,3,8,10,1.25,4,walsh_degree_4,walsh_k_local,trained,0.6753763825492125,0.6753765543290171,-1.7177980460303388e-07,-2.543467746897662e-07,0.675376486649852,-1.0410063944199521e-07,-1.541372220465671e-07,112,120,31,31,300,threshold,21.397811459377408,adam,0.01,constant,1000,50,1e-06,100,0,drop_extra,310000,610000,16,10,0.625,"[1, 1, 1, 1, 1, 1, 1, 1, 1, 1]",uniform,weyl_seed_310000,weyl_labels_seed_610000_unique
0,3,8,10,1.25,5,walsh_degree_5,walsh_k_local,trained,0.6753763825492125,0.6753765547448825,-1.7219566994519653e-07,-2.549625281465171e-07,0.675376486649852,-1.0410063944199521e-07,-1.541372220465671e-07,119,120,99,99,350,threshold,23.197450783103704,adam,0.01,constant,1000,50,1e-06,100,0,drop_extra,310000,610000,16,10,0.625,"[1, 1, 1, 1, 1, 1, 1, 1, 1, 1]",uniform,weyl_seed_310000,weyl_labels_seed_610000_unique
1,3,8,10,1.25,1,walsh_degree_1,walsh_k_local,trained,0.6535234247667049,0.6205245062490066,0.03299891851769832,0.05049385724693539,0.6535240672882484,-6.425215435257314e-07,-9.83165284021914e-07,22,120,77,77,1000,max_steps,75.92359506711364,adam,0.01,constant,1000,50,1e-06,100,0,drop_extra,310001,610001,16,10,0.625,"[1, 1, 1, 1, 1, 1, 1, 1, 1, 1]",uniform,weyl_seed_310001,weyl_labels_seed_610001_unique
1,3,8,10,1.25,2,walsh_degree_2,walsh_k_local,trained,0.6535234247667049,0.6513017719532743,0.0022216528134305635,0.003399499894320774,0.6535240672882484,-6.425215435257314e-07,-9.83165284021914e-07,56,120,61,61,1000,max_steps,72.8550514858216,adam,0.01,constant,1000,50,1e-06,100,0,drop_extra,310001,610001,16,10,0.625,"[1, 1, 1, 1, 1, 1, 1, 1, 1, 1]",uniform,weyl_seed_310001,weyl_labels_seed_610001_unique
1,3,8,10,1.25,3,walsh_degree_3,walsh_k_local,trained,0.6535234247667049,0.653524227566733,-8.028000281212755e-07,-1.228418137280786e-06,0.6535240672882484,-6.425215435257314e-07,-9.83165284021914e-07,91,120,52,52,400,threshold,29.698178708553314,adam,0.01,constant,1000,50,1e-06,100,0,drop_extra,310001,610001,16,10,0.625,"[1, 1, 1, 1, 1, 1, 1, 1, 1, 1]",uniform,weyl_seed_310001,weyl_labels_seed_610001_unique
1,3,8,10,1.25,4,walsh_degree_4,walsh_k_local,trained,0.6535234247667049,0.6535242266264896,-8.018597846826125e-07,-1.2269794077677642e-06,0.6535240672882484,-6.425215435257314e-07,-9.83165284021914e-07,112,120,82,82,450,threshold,30.28136911801994,adam,0.01,constant,1000,50,1e-06,100,0,drop_extra,310001,610001,16,10,0.625,"[1, 1, 1, 1, 1, 1, 1, 1, 1, 1]",uniform,weyl_seed_310001,weyl_labels_seed_610001_unique
1,3,8,10,1.25,5,walsh_degree_5,walsh_k_local,trained,0.6535234247667049,0.6535242286116509,-8.038449460512354e-07,-1.2300170362496069e-06,0.6535240672882484,-6.425215435257314e-07,-9.83165284021914e-07,119,120,60,60,500,threshold,36.78432248160243,adam,0.01,constant,1000,50,1e-06,100,0,drop_extra,310001,610001,16,10,0.625,"[1, 1, 1, 1, 1, 1, 1, 1, 1, 1]",uniform,weyl_seed_310001,weyl_labels_seed_610001_unique
2,3,8,10,1.25,1,walsh_degree_1,walsh_k_local,trained,0.6697057570378347,0.6239216958167693,0.045784061221065486,0.0683644432497822,0.6697040564545388,1.700583295960456e-06,2.5392992042987354e-06,22,120,49,49,1000,max_steps,73.94235661998391,adam,0.01,constant,1000,50,1e-06,100,0,drop_extra,310002,610002,16,10,0.625,"[1, 1, 1, 1, 1, 1, 1, 1, 1, 1]",uniform,weyl_seed_310002,weyl_labels_seed_610002_unique
2,3,8,10,1.25,2,walsh_degree_2,walsh_k_local,trained,0.6697057570378347,0.6694683819667875,0.0002373750710472633,0.00035444681272741826,0.6697040564545388,1.700583295960456e-06,2.5392992042987354e-06,56,120,62,62,550,threshold,39.52625843882561,adam,0.01,constant,1000,50,1e-06,100,0,drop_extra,310002,610002,16,10,0.625,"[1, 1, 1, 1, 1, 1, 1, 1, 1, 1]",uniform,weyl_seed_310002,weyl_labels_seed_610002_unique
2,3,8,10,1.25,3,walsh_degree_3,walsh_k_local,trained,0.6697057570378347,0.6697040934063467,1.6636314880136283e-06,2.4841230204918815e-06,0.6697040564545388,1.700583295960456e-06,2.5392992042987354e-06,91,120,34,34,600,threshold,45.038844326511025,adam,0.01,constant,1000,50,1e-06,100,0,drop_extra,310002,610002,16,10,0.625,"[1, 1, 1, 1, 1, 1, 1, 1, 1, 1]",uniform,weyl_seed_310002,weyl_labels_seed_610002_unique
2,3,8,10,1.25,4,walsh_degree_4,walsh_k_local,trained,0.6697057570378347,0.669704090911132,1.6661267027151538e-06,2.4878488578096943e-06,0.6697040564545388,1.700583295960456e-06,2.5392992042987354e-06,112,120,73,73,750,threshold,51.84972491674125,adam,0.01,constant,1000,50,1e-06,100,0,drop_extra,310002,610002,16,10,0.625,"[1, 1, 1, 1, 1, 1, 1, 1, 1, 1]",uniform,weyl_seed_310002,weyl_labels_seed_610002_unique
2,3,8,10,1.25,5,walsh_degree_5,walsh_k_local,trained,0.6697057570378347,0.6697040936331248,1.6634047099728377e-06,2.4837843970913697e-06,0.6697040564545388,1.700583295960456e-06,2.5392992042987354e-06,119,120,82,82,750,threshold,47.104874309152365,adam,0.01,constant,1000,50,1e-06,100,0,drop_extra,310002,610002,16,10,0.625,"[1, 1, 1, 1, 1, 1, 1, 1, 1, 1]",uniform,weyl_seed_310002,weyl_labels_seed_610002_unique
3,3,8,10,1.25,1,walsh_degree_1,walsh_k_local,trained,0.6683034884801743,0.6265048433357978,0.04179864514437648,0.06254440664290573,0.6683029434176961,5.450624781522251e-07,8.155912509027622e-07,22,120,49,49,1000,max_steps,75.23568208888173,adam,0.01,constant,1000,50,1e-06,100,0,drop_extra,310003,610003,16,10,0.625,"[1, 1, 1, 1, 1, 1, 1, 1, 1, 1]",uniform,weyl_seed_310003,weyl_labels_seed_610003_unique
3,3,8,10,1.25,2,walsh_degree_2,walsh_k_local,trained,0.6683034884801743,0.6672721429956863,0.001031345484488022,0.0015432292398075934,0.6683029434176961,5.450624781522251e-07,8.155912509027622e-07,56,120,11,11,950,threshold,69.11794981174171,adam,0.01,constant,1000,50,1e-06,100,0,drop_extra,310003,610003,16,10,0.625,"[1, 1, 1, 1, 1, 1, 1, 1, 1, 1]",uniform,weyl_seed_310003,weyl_labels_seed_610003_unique
3,3,8,10,1.25,3,walsh_degree_3,walsh_k_local,trained,0.6683034884801743,0.6683031075714876,3.80908686703485e-07,5.69963636685079e-07,0.6683029434176961,5.450624781522251e-07,8.155912509027622e-07,91,120,70,70,600,threshold,43.921768898144364,adam,0.01,constant,1000,50,1e-06,100,0,drop_extra,310003,610003,16,10,0.625,"[1, 1, 1, 1, 1, 1, 1, 1, 1, 1]",uniform,weyl_seed_310003,weyl_labels_seed_610003_unique
3,3,8,10,1.25,4,walsh_degree_4,walsh_k_local,trained,0.6683034884801743,0.6683031080531856,3.8042698868867575e-07,5.692428593389894e-07,0.6683029434176961,5.450624781522251e-07,8.155912509027622e-07,112,120,55,55,350,threshold,26.312074165791273,adam,0.01,constant,1000,50,1e-06,100,0,drop_extra,310003,610003,16,10,0.625,"[1, 1, 1, 1, 1, 1, 1, 1, 1, 1]",uniform,weyl_seed_310003,weyl_labels_seed_610003_unique
3,3,8,10,1.25,5,walsh_degree_5,walsh_k_local,trained,0.6683034884801743,0.6683031081083706,3.803718037209691e-07,5.691602846275628e-07,0.6683029434176961,5.450624781522251e-07,8.155912509027622e-07,119,120,70,70,400,threshold,26.402225200086832,adam,0.01,constant,1000,50,1e-06,100,0,drop_extra,310003,610003,16,10,0.625,"[1, 1, 1, 1, 1, 1, 1, 1, 1, 1]",uniform,weyl_seed_310003,weyl_labels_seed_610003_unique
4,3,8,10,1.25,1,walsh_degree_1,walsh_k_local,trained,0.6889339428215966,0.6769563918350212,0.01197755098657538,0.01738563052579489,0.688924137866672,9.804954924641507e-06,1.4232068294507817e-05,22,120,31,31,450,threshold,33.6551416143775,adam,0.01,constant,1000,50,1e-06,100,0,drop_extra,310004,610004,16,10,0.625,"[1, 1, 1, 1, 1, 1, 1, 1, 1, 1]",uniform,weyl_seed_310004,weyl_labels_seed_610004_unique
4,3,8,10,1.25,2,walsh_degree_2,walsh_k_local,trained,0.6889339428215966,0.6878480549340902,0.0010858878875064093,0.0015761857850391996,0.688924137866672,9.804954924641507e-06,1.4232068294507817e-05,56,120,70,70,850,threshold,61.711423356086016,adam,0.01,constant,1000,50,1e-06,100,0,drop_extra,310004,610004,16,10,0.625,"[1, 1, 1, 1, 1, 1, 1, 1, 1, 1]",uniform,weyl_seed_310004,weyl_labels_seed_610004_unique
4,3,8,10,1.25,3,walsh_degree_3,walsh_k_local,trained,0.6889339428215966,0.688925002319293,8.94050230360044e-06,1.2977299778529904e-05,0.688924137866672,9.804954924641507e-06,1.4232068294507817e-05,91,120,83,83,650,threshold,50.01990504749119,adam,0.01,constant,1000,50,1e-06,100,0,drop_extra,310004,610004,16,10,0.625,"[1, 1, 1, 1, 1, 1, 1, 1, 1, 1]",uniform,weyl_seed_310004,weyl_labels_seed_610004_unique
4,3,8,10,1.25,4,walsh_degree_4,walsh_k_local,trained,0.6889339428215966,0.688925002090583,8.940731013540315e-06,1.2977631755118167e-05,0.688924137866672,9.804954924641507e-06,1.4232068294507817e-05,112,120,71,71,850,threshold,64.75439516827464,adam,0.01,constant,1000,50,1e-06,100,0,drop_extra,310004,610004,16,10,0.625,"[1, 1, 1, 1, 1, 1, 1, 1, 1, 1]",uniform,weyl_seed_310004,weyl_labels_seed_610004_unique
4,3,8,10,1.25,5,walsh_degree_5,walsh_k_local,trained,0.6889339428215966,0.6889249859091153,8.956912481261625e-06,1.300111944634011e-05,0.688924137866672,9.804954924641507e-06,1.4232068294507817e-05,119,120,68,68,400,threshold,30.846156518906355,adam,0.01,constant,1000,50,1e-06,100,0,drop_extra,310004,610004,16,10,0.625,"[1, 1, 1, 1, 1, 1, 1, 1, 1, 1]",uniform,weyl_seed_310004,weyl_labels_seed_610004_unique
0,3,8,11,1.375,1,walsh_degree_1,walsh_k_local,trained,0.6388844515858974,0.6288158651871295,0.010068586398767843,0.01575963599329218,0.6388891512850292,-4.699699131860413e-06,-7.356101905742722e-06,22,120,82,82,900,threshold,70.05176610685885,adam,0.01,constant,1000,50,1e-06,100,0,drop_extra,311000,611000,16,11,0.6875,"[1, 1, 1, 1, 1, 1, 1, 1, 1, 1, 1]",uniform,weyl_seed_311000,weyl_labels_seed_611000_unique
0,3,8,11,1.375,2,walsh_degree_2,walsh_k_local,trained,0.6388844515858974,0.6335098219683606,0.005374629617536764,0.00841252217704683,0.6388891512850292,-4.699699131860413e-06,-7.356101905742722e-06,56,120,81,81,950,threshold,69.99013086408377,adam,0.01,constant,1000,50,1e-06,100,0,drop_extra,311000,611000,16,11,0.6875,"[1, 1, 1, 1, 1, 1, 1, 1, 1, 1, 1]",uniform,weyl_seed_311000,weyl_labels_seed_611000_unique
0,3,8,11,1.375,3,walsh_degree_3,walsh_k_local,trained,0.6388844515858974,0.6389026745267541,-1.8222940856738035e-05,-2.852306205214947e-05,0.6388891512850292,-4.699699131860413e-06,-7.356101905742722e-06,91,120,25,25,1000,max_steps,78.49304194562137,adam,0.01,constant,1000,50,1e-06,100,0,drop_extra,311000,611000,16,11,0.6875,"[1, 1, 1, 1, 1, 1, 1, 1, 1, 1, 1]",uniform,weyl_seed_311000,weyl_labels_seed_611000_unique
0,3,8,11,1.375,4,walsh_degree_4,walsh_k_local,trained,0.6388844515858974,0.6389025840368261,-1.8132450928742827e-05,-2.8381424659393104e-05,0.6388891512850292,-4.699699131860413e-06,-7.356101905742722e-06,112,120,34,34,1000,max_steps,68.11272542737424,adam,0.01,constant,1000,50,1e-06,100,0,drop_extra,311000,611000,16,11,0.6875,"[1, 1, 1, 1, 1, 1, 1, 1, 1, 1, 1]",uniform,weyl_seed_311000,weyl_labels_seed_611000_unique
0,3,8,11,1.375,5,walsh_degree_5,walsh_k_local,trained,0.6388844515858974,0.6389025351112976,-1.8083525400225398e-05,-2.8304845039407076e-05,0.6388891512850292,-4.699699131860413e-06,-7.356101905742722e-06,119,120,60,60,1000,max_steps,63.507593708112836,adam,0.01,constant,1000,50,1e-06,100,0,drop_extra,311000,611000,16,11,0.6875,"[1, 1, 1, 1, 1, 1, 1, 1, 1, 1, 1]",uniform,weyl_seed_311000,weyl_labels_seed_611000_unique
1,3,8,11,1.375,1,walsh_degree_1,walsh_k_local,trained,0.6484100706430255,0.6231353836775146,0.02527468696551083,0.03897947936010005,0.6484159950098063,-5.924366780818424e-06,-9.136759358076063e-06,22,120,20,20,1000,max_steps,79.46497878991067,adam,0.01,constant,1000,50,1e-06,100,0,drop_extra,311001,611001,16,11,0.6875,"[1, 1, 1, 1, 1, 1, 1, 1, 1, 1, 1]",uniform,weyl_seed_311001,weyl_labels_seed_611001_unique
1,3,8,11,1.375,2,walsh_degree_2,walsh_k_local,trained,0.6484100706430255,0.6483682832247348,4.17874182906397e-05,6.4445973593839e-05,0.6484159950098063,-5.924366780818424e-06,-9.136759358076063e-06,56,120,86,86,750,threshold,56.892789689823985,adam,0.01,constant,1000,50,1e-06,100,0,drop_extra,311001,611001,16,11,0.6875,"[1, 1, 1, 1, 1, 1, 1, 1, 1, 1, 1]",uniform,weyl_seed_311001,weyl_labels_seed_611001_unique
1,3,8,11,1.375,3,walsh_degree_3,walsh_k_local,trained,0.6484100706430255,0.6484160506178303,-5.97997480478174e-06,-9.22251993842635e-06,0.6484159950098063,-5.924366780818424e-06,-9.136759358076063e-06,91,120,17,17,650,threshold,50.44090801663697,adam,0.01,constant,1000,50,1e-06,100,0,drop_extra,311001,611001,16,11,0.6875,"[1, 1, 1, 1, 1, 1, 1, 1, 1, 1, 1]",uniform,weyl_seed_311001,weyl_labels_seed_611001_unique
1,3,8,11,1.375,4,walsh_degree_4,walsh_k_local,trained,0.6484100706430255,0.6484160246878636,-5.954044838163419e-06,-9.182529864563668e-06,0.6484159950098063,-5.924366780818424e-06,-9.136759358076063e-06,112,120,6,6,700,threshold,56.41700100712478,adam,0.01,constant,1000,50,1e-06,100,0,drop_extra,311001,611001,16,11,0.6875,"[1, 1, 1, 1, 1, 1, 1, 1, 1, 1, 1]",uniform,weyl_seed_311001,weyl_labels_seed_611001_unique
1,3,8,11,1.375,5,walsh_degree_5,walsh_k_local,trained,0.6484100706430255,0.6484160487318151,-5.9780887896598855e-06,-9.21961126194638e-06,0.6484159950098063,-5.924366780818424e-06,-9.136759358076063e-06,119,120,68,68,400,threshold,27.71501081623137,adam,0.01,constant,1000,50,1e-06,100,0,drop_extra,311001,611001,16,11,0.6875,"[1, 1, 1, 1, 1, 1, 1, 1, 1, 1, 1]",uniform,weyl_seed_311001,weyl_labels_seed_611001_unique
2,3,8,11,1.375,1,walsh_degree_1,walsh_k_local,trained,0.5944072583794615,0.5723961613282524,0.022011097051209072,0.037030330200237035,0.5944058387476417,1.4196318197656765e-06,2.38831508154196e-06,22,120,80,80,1000,max_steps,78.15840689465404,adam,0.01,constant,1000,50,1e-06,100,0,drop_extra,311002,611002,16,11,0.6875,"[1, 1, 1, 1, 1, 1, 1, 1, 1, 1, 1]",uniform,weyl_seed_311002,weyl_labels_seed_611002_unique
2,3,8,11,1.375,2,walsh_degree_2,walsh_k_local,trained,0.5944072583794615,0.5943758125042011,3.1445875260383005e-05,5.290291263621883e-05,0.5944058387476417,1.4196318197656765e-06,2.38831508154196e-06,56,120,61,61,500,threshold,37.21158474870026,adam,0.01,constant,1000,50,1e-06,100,0,drop_extra,311002,611002,16,11,0.6875,"[1, 1, 1, 1, 1, 1, 1, 1, 1, 1, 1]",uniform,weyl_seed_311002,weyl_labels_seed_611002_unique
2,3,8,11,1.375,3,walsh_degree_3,walsh_k_local,trained,0.5944072583794615,0.5944058441702575,1.4142092039648446e-06,2.3791923534386463e-06,0.5944058387476417,1.4196318197656765e-06,2.38831508154196e-06,91,120,18,18,550,threshold,41.69479072839022,adam,0.01,constant,1000,50,1e-06,100,0,drop_extra,311002,611002,16,11,0.6875,"[1, 1, 1, 1, 1, 1, 1, 1, 1, 1, 1]",uniform,weyl_seed_311002,weyl_labels_seed_611002_unique
2,3,8,11,1.375,4,walsh_degree_4,walsh_k_local,trained,0.5944072583794615,0.5944058497734083,1.4086060532436662e-06,2.3697659027313413e-06,0.5944058387476417,1.4196318197656765e-06,2.38831508154196e-06,112,120,74,74,450,threshold,33.58218279108405,adam,0.01,constant,1000,50,1e-06,100,0,drop_extra,311002,611002,16,11,0.6875,"[1, 1, 1, 1, 1, 1, 1, 1, 1, 1, 1]",uniform,weyl_seed_311002,weyl_labels_seed_611002_unique
2,3,8,11,1.375,5,walsh_degree_5,walsh_k_local,trained,0.5944072583794615,0.594405853996952,1.4043825095066964e-06,2.3626604313942574e-06,0.5944058387476417,1.4196318197656765e-06,2.38831508154196e-06,119,120,68,68,650,threshold,44.372386591508985,adam,0.01,constant,1000,50,1e-06,100,0,drop_extra,311002,611002,16,11,0.6875,"[1, 1, 1, 1, 1, 1, 1, 1, 1, 1, 1]",uniform,weyl_seed_311002,weyl_labels_seed_611002_unique
3,3,8,11,1.375,1,walsh_degree_1,walsh_k_local,trained,0.6320942199451853,0.6035815581963269,0.02851266174885847,0.04510824628538933,0.6321020678294924,-7.84788430707728e-06,-1.2415687502660349e-05,22,120,37,37,950,threshold,74.0282956622541,adam,0.01,constant,1000,50,1e-06,100,0,drop_extra,311003,611003,16,11,0.6875,"[1, 1, 1, 1, 1, 1, 1, 1, 1, 1, 1]",uniform,weyl_seed_311003,weyl_labels_seed_611003_unique
3,3,8,11,1.375,2,walsh_degree_2,walsh_k_local,trained,0.6320942199451853,0.6308429064969292,0.0012513134482561306,0.001979631214417122,0.6321020678294924,-7.84788430707728e-06,-1.2415687502660349e-05,56,120,11,11,1000,max_steps,81.66050145030022,adam,0.01,constant,1000,50,1e-06,100,0,drop_extra,311003,611003,16,11,0.6875,"[1, 1, 1, 1, 1, 1, 1, 1, 1, 1, 1]",uniform,weyl_seed_311003,weyl_labels_seed_611003_unique
3,3,8,11,1.375,3,walsh_degree_3,walsh_k_local,trained,0.6320942199451853,0.6321020597497653,-7.83980457996769e-06,-1.2402905029961439e-05,0.6321020678294924,-7.84788430707728e-06,-1.2415687502660349e-05,91,120,0,0,650,threshold,283.97716585174203,adam,0.01,constant,1000,50,1e-06,100,0,drop_extra,311003,611003,16,11,0.6875,"[1, 1, 1, 1, 1, 1, 1, 1, 1, 1, 1]",uniform,weyl_seed_311003,weyl_labels_seed_611003_unique
3,3,8,11,1.375,4,walsh_degree_4,walsh_k_local,trained,0.6320942199451853,0.6321020679934503,-7.848048264924579e-06,-1.2415946890963747e-05,0.6321020678294924,-7.84788430707728e-06,-1.2415687502660349e-05,112,120,31,31,800,threshold,60.339969554916024,adam,0.01,constant,1000,50,1e-06,100,0,drop_extra,311003,611003,16,11,0.6875,"[1, 1, 1, 1, 1, 1, 1, 1, 1, 1, 1]",uniform,weyl_seed_311003,weyl_labels_seed_611003_unique
3,3,8,11,1.375,5,walsh_degree_5,walsh_k_local,trained,0.6320942199451853,0.632102068636016,-7.848690830702942e-06,-1.2416963457415532e-05,0.6321020678294924,-7.84788430707728e-06,-1.2415687502660349e-05,119,120,45,45,500,threshold,34.944631258025765,adam,0.01,constant,1000,50,1e-06,100,0,drop_extra,311003,611003,16,11,0.6875,"[1, 1, 1, 1, 1, 1, 1, 1, 1, 1, 1]",uniform,weyl_seed_311003,weyl_labels_seed_611003_unique
4,3,8,11,1.375,1,walsh_degree_1,walsh_k_local,trained,0.650302956499256,0.6161671242720506,0.0341358322272054,0.05249219903745656,0.650308914108142,-5.957608885998056e-06,-9.161282178493175e-06,22,120,68,68,900,threshold,70.42891186662018,adam,0.01,constant,1000,50,1e-06,100,0,drop_extra,311004,611004,16,11,0.6875,"[1, 1, 1, 1, 1, 1, 1, 1, 1, 1, 1]",uniform,weyl_seed_311004,weyl_labels_seed_611004_unique
4,3,8,11,1.375,2,walsh_degree_2,walsh_k_local,trained,0.650302956499256,0.6500124494353212,0.0002905070639347418,0.00044672573149384746,0.650308914108142,-5.957608885998056e-06,-9.161282178493175e-06,56,120,33,33,450,threshold,33.9755167234689,adam,0.01,constant,1000,50,1e-06,100,0,drop_extra,311004,611004,16,11,0.6875,"[1, 1, 1, 1, 1, 1, 1, 1, 1, 1, 1]",uniform,weyl_seed_311004,weyl_labels_seed_611004_unique
4,3,8,11,1.375,3,walsh_degree_3,walsh_k_local,trained,0.650302956499256,0.6503089381937408,-5.981694484846756e-06,-9.198319683256122e-06,0.650308914108142,-5.957608885998056e-06,-9.161282178493175e-06,91,120,84,84,600,threshold,48.25641301088035,adam,0.01,constant,1000,50,1e-06,100,0,drop_extra,311004,611004,16,11,0.6875,"[1, 1, 1, 1, 1, 1, 1, 1, 1, 1, 1]",uniform,weyl_seed_311004,weyl_labels_seed_611004_unique
4,3,8,11,1.375,4,walsh_degree_4,walsh_k_local,trained,0.650302956499256,0.6503089381763887,-5.981677132727015e-06,-9.198293000123949e-06,0.650308914108142,-5.957608885998056e-06,-9.161282178493175e-06,112,120,68,68,650,threshold,49.164206333458424,adam,0.01,constant,1000,50,1e-06,100,0,drop_extra,311004,611004,16,11,0.6875,"[1, 1, 1, 1, 1, 1, 1, 1, 1, 1, 1]",uniform,weyl_seed_311004,weyl_labels_seed_611004_unique
4,3,8,11,1.375,5,walsh_degree_5,walsh_k_local,trained,0.650302956499256,0.6503089366204227,-5.980121166704322e-06,-9.195900321439127e-06,0.650308914108142,-5.957608885998056e-06,-9.161282178493175e-06,119,120,63,63,600,threshold,45.76461956463754,adam,0.01,constant,1000,50,1e-06,100,0,drop_extra,311004,611004,16,11,0.6875,"[1, 1, 1, 1, 1, 1, 1, 1, 1, 1, 1]",uniform,weyl_seed_311004,weyl_labels_seed_611004_unique
0,3,8,12,1.5,1,walsh_degree_1,walsh_k_local,trained,0.5622170987666633,0.5469926956656853,0.015224403100977946,0.027079224616924226,0.5622158616229034,1.237143759880155e-06,2.200473380468292e-06,22,120,86,86,1000,max_steps,81.51020261086524,adam,0.01,constant,1000,50,1e-06,100,0,drop_extra,312000,612000,16,12,0.75,"[1, 1, 1, 1, 1, 1, 1, 1, 1, 1, 1, 1]",uniform,weyl_seed_312000,weyl_labels_seed_612000_unique
0,3,8,12,1.5,2,walsh_degree_2,walsh_k_local,trained,0.5622170987666633,0.562212254522928,4.844243735258047e-06,8.616322317277211e-06,0.5622158616229034,1.237143759880155e-06,2.200473380468292e-06,56,120,52,52,950,threshold,75.71973240375519,adam,0.01,constant,1000,50,1e-06,100,0,drop_extra,312000,612000,16,12,0.75,"[1, 1, 1, 1, 1, 1, 1, 1, 1, 1, 1, 1]",uniform,weyl_seed_312000,weyl_labels_seed_612000_unique
0,3,8,12,1.5,3,walsh_degree_3,walsh_k_local,trained,0.5622170987666633,0.562216490557599,6.082090642234306e-07,1.0818046366032978e-06,0.5622158616229034,1.237143759880155e-06,2.200473380468292e-06,91,120,73,73,900,threshold,71.36610198579729,adam,0.01,constant,1000,50,1e-06,100,0,drop_extra,312000,612000,16,12,0.75,"[1, 1, 1, 1, 1, 1, 1, 1, 1, 1, 1, 1]",uniform,weyl_seed_312000,weyl_labels_seed_612000_unique
0,3,8,12,1.5,4,walsh_degree_4,walsh_k_local,trained,0.5622170987666633,0.5622164192687288,6.794979344748597e-07,1.2086041779331787e-06,0.5622158616229034,1.237143759880155e-06,2.200473380468292e-06,112,120,51,51,950,threshold,69.11217093467712,adam,0.01,constant,1000,50,1e-06,100,0,drop_extra,312000,612000,16,12,0.75,"[1, 1, 1, 1, 1, 1, 1, 1, 1, 1, 1, 1]",uniform,weyl_seed_312000,weyl_labels_seed_612000_unique
0,3,8,12,1.5,5,walsh_degree_5,walsh_k_local,trained,0.5622170987666633,0.5622166341746346,4.645920286261429e-07,8.263569885108784e-07,0.5622158616229034,1.237143759880155e-06,2.200473380468292e-06,119,120,11,11,900,threshold,71.68393890187144,adam,0.01,constant,1000,50,1e-06,100,0,drop_extra,312000,612000,16,12,0.75,"[1, 1, 1, 1, 1, 1, 1, 1, 1, 1, 1, 1]",uniform,weyl_seed_312000,weyl_labels_seed_612000_unique
1,3,8,12,1.5,1,walsh_degree_1,walsh_k_local,trained,0.5827491219690573,0.5758854764663299,0.0068636455027273335,0.011778045206718954,0.5827275746788827,2.1547290174561695e-05,3.6975242625429145e-05,22,120,79,79,1000,max_steps,84.60817239806056,adam,0.01,constant,1000,50,1e-06,100,0,drop_extra,312001,612001,16,12,0.75,"[1, 1, 1, 1, 1, 1, 1, 1, 1, 1, 1, 1]",uniform,weyl_seed_312001,weyl_labels_seed_612001_unique
1,3,8,12,1.5,2,walsh_degree_2,walsh_k_local,trained,0.5827491219690573,0.5825231842537942,0.00022593771526302486,0.00038771009126466205,0.5827275746788827,2.1547290174561695e-05,3.6975242625429145e-05,56,120,18,18,750,threshold,58.374355878680944,adam,0.01,constant,1000,50,1e-06,100,0,drop_extra,312001,612001,16,12,0.75,"[1, 1, 1, 1, 1, 1, 1, 1, 1, 1, 1, 1]",uniform,weyl_seed_312001,weyl_labels_seed_612001_unique
1,3,8,12,1.5,3,walsh_degree_3,walsh_k_local,trained,0.5827491219690573,0.5827449765278043,4.1454412529340345e-06,7.113595021691253e-06,0.5827275746788827,2.1547290174561695e-05,3.6975242625429145e-05,91,120,7,7,800,threshold,69.07500344701111,adam,0.01,constant,1000,50,1e-06,100,0,drop_extra,312001,612001,16,12,0.75,"[1, 1, 1, 1, 1, 1, 1, 1, 1, 1, 1, 1]",uniform,weyl_seed_312001,weyl_labels_seed_612001_unique
1,3,8,12,1.5,4,walsh_degree_4,walsh_k_local,trained,0.5827491219690573,0.5827486406540248,4.813150324967097e-07,8.259386661457149e-07,0.5827275746788827,2.1547290174561695e-05,3.6975242625429145e-05,112,120,56,56,1000,threshold,77.74217650853097,adam,0.01,constant,1000,50,1e-06,100,0,drop_extra,312001,612001,16,12,0.75,"[1, 1, 1, 1, 1, 1, 1, 1, 1, 1, 1, 1]",uniform,weyl_seed_312001,weyl_labels_seed_612001_unique
1,3,8,12,1.5,5,walsh_degree_5,walsh_k_local,trained,0.5827491219690573,0.5827490160814114,1.0588764587371458e-07,1.8170365579604767e-07,0.5827275746788827,2.1547290174561695e-05,3.6975242625429145e-05,119,120,84,84,900,threshold,61.47510658763349,adam,0.01,constant,1000,50,1e-06,100,0,drop_extra,312001,612001,16,12,0.75,"[1, 1, 1, 1, 1, 1, 1, 1, 1, 1, 1, 1]",uniform,weyl_seed_312001,weyl_labels_seed_612001_unique
2,3,8,12,1.5,1,walsh_degree_1,walsh_k_local,trained,0.5389483337439407,0.5253354467871192,0.013612886956821502,0.02525824110496111,0.5389326471328958,1.5686611044896104e-05,2.9105964454746708e-05,22,120,78,78,1000,max_steps,82.81708110123873,adam,0.01,constant,1000,50,1e-06,100,0,drop_extra,312002,612002,16,12,0.75,"[1, 1, 1, 1, 1, 1, 1, 1, 1, 1, 1, 1]",uniform,weyl_seed_312002,weyl_labels_seed_612002_unique
2,3,8,12,1.5,2,walsh_degree_2,walsh_k_local,trained,0.5389483337439407,0.5387725063214925,0.0001758274224481493,0.0003262417034054447,0.5389326471328958,1.5686611044896104e-05,2.9105964454746708e-05,56,120,7,7,1000,max_steps,82.226159542799,adam,0.01,constant,1000,50,1e-06,100,0,drop_extra,312002,612002,16,12,0.75,"[1, 1, 1, 1, 1, 1, 1, 1, 1, 1, 1, 1]",uniform,weyl_seed_312002,weyl_labels_seed_612002_unique
2,3,8,12,1.5,3,walsh_degree_3,walsh_k_local,trained,0.5389483337439407,0.5389453707866476,2.962957293073387e-06,5.497664817869379e-06,0.5389326471328958,1.5686611044896104e-05,2.9105964454746708e-05,91,120,50,50,900,threshold,282.20622820034623,adam,0.01,constant,1000,50,1e-06,100,0,drop_extra,312002,612002,16,12,0.75,"[1, 1, 1, 1, 1, 1, 1, 1, 1, 1, 1, 1]",uniform,weyl_seed_312002,weyl_labels_seed_612002_unique
2,3,8,12,1.5,4,walsh_degree_4,walsh_k_local,trained,0.5389483337439407,0.5389502722206534,-1.9384767127039737e-06,-3.5967765207433815e-06,0.5389326471328958,1.5686611044896104e-05,2.9105964454746708e-05,112,120,1,1,950,threshold,82.30990299582481,adam,0.01,constant,1000,50,1e-06,100,0,drop_extra,312002,612002,16,12,0.75,"[1, 1, 1, 1, 1, 1, 1, 1, 1, 1, 1, 1]",uniform,weyl_seed_312002,weyl_labels_seed_612002_unique
2,3,8,12,1.5,5,walsh_degree_5,walsh_k_local,trained,0.5389483337439407,0.5389489464245734,-6.1268063267228e-07,-1.1368077314872454e-06,0.5389326471328958,1.5686611044896104e-05,2.9105964454746708e-05,119,120,17,17,750,threshold,58.024524353444576,adam,0.01,constant,1000,50,1e-06,100,0,drop_extra,312002,612002,16,12,0.75,"[1, 1, 1, 1, 1, 1, 1, 1, 1, 1, 1, 1]",uniform,weyl_seed_312002,weyl_labels_seed_612002_unique
3,3,8,12,1.5,1,walsh_degree_1,walsh_k_local,trained,0.5584462009477809,0.5516216441422723,0.00682455680550853,0.012220616406604726,0.5584233688817326,2.283206604825061e-05,4.088498768458018e-05,22,120,54,54,1000,max_steps,82.09066741168499,adam,0.01,constant,1000,50,1e-06,100,0,drop_extra,312003,612003,16,12,0.75,"[1, 1, 1, 1, 1, 1, 1, 1, 1, 1, 1, 1]",uniform,weyl_seed_312003,weyl_labels_seed_612003_unique
3,3,8,12,1.5,2,walsh_degree_2,walsh_k_local,trained,0.5584462009477809,0.5583245552070946,0.00012164574068629364,0.00021782893406713043,0.5584233688817326,2.283206604825061e-05,4.088498768458018e-05,56,120,83,83,1000,max_steps,80.5125682093203,adam,0.01,constant,1000,50,1e-06,100,0,drop_extra,312003,612003,16,12,0.75,"[1, 1, 1, 1, 1, 1, 1, 1, 1, 1, 1, 1]",uniform,weyl_seed_312003,weyl_labels_seed_612003_unique
3,3,8,12,1.5,3,walsh_degree_3,walsh_k_local,trained,0.5584462009477809,0.5584415436105983,4.657337182578658e-06,8.339813530245783e-06,0.5584233688817326,2.283206604825061e-05,4.088498768458018e-05,91,120,16,16,1000,max_steps,82.42443189583719,adam,0.01,constant,1000,50,1e-06,100,0,drop_extra,312003,612003,16,12,0.75,"[1, 1, 1, 1, 1, 1, 1, 1, 1, 1, 1, 1]",uniform,weyl_seed_312003,weyl_labels_seed_612003_unique
3,3,8,12,1.5,4,walsh_degree_4,walsh_k_local,trained,0.5584462009477809,0.5584426169991811,3.583948599783504e-06,6.417715070316382e-06,0.5584233688817326,2.283206604825061e-05,4.088498768458018e-05,112,120,47,47,700,threshold,52.162440890446305,adam,0.01,constant,1000,50,1e-06,100,0,drop_extra,312003,612003,16,12,0.75,"[1, 1, 1, 1, 1, 1, 1, 1, 1, 1, 1, 1]",uniform,weyl_seed_312003,weyl_labels_seed_612003_unique
3,3,8,12,1.5,5,walsh_degree_5,walsh_k_local,trained,0.5584462009477809,0.5584410093328953,5.191614885546869e-06,9.296535416904603e-06,0.5584233688817326,2.283206604825061e-05,4.088498768458018e-05,119,120,51,51,1000,max_steps,71.40843074209988,adam,0.01,constant,1000,50,1e-06,100,0,drop_extra,312003,612003,16,12,0.75,"[1, 1, 1, 1, 1, 1, 1, 1, 1, 1, 1, 1]",uniform,weyl_seed_312003,weyl_labels_seed_612003_unique
4,3,8,12,1.5,1,walsh_degree_1,walsh_k_local,trained,0.5872738326211255,0.5732395805462369,0.01403425207488862,0.023897288275642775,0.5872739567619483,-1.2414082273259908e-07,-2.1138490400386597e-07,22,120,32,32,1000,max_steps,81.09709556400776,adam,0.01,constant,1000,50,1e-06,100,0,drop_extra,312004,612004,16,12,0.75,"[1, 1, 1, 1, 1, 1, 1, 1, 1, 1, 1, 1]",uniform,weyl_seed_312004,weyl_labels_seed_612004_unique
4,3,8,12,1.5,2,walsh_degree_2,walsh_k_local,trained,0.5872738326211255,0.5871492684879104,0.0001245641332151548,0.00021210570997042233,0.5872739567619483,-1.2414082273259908e-07,-2.1138490400386597e-07,56,120,70,70,950,threshold,79.38863041996956,adam,0.01,constant,1000,50,1e-06,100,0,drop_extra,312004,612004,16,12,0.75,"[1, 1, 1, 1, 1, 1, 1, 1, 1, 1, 1, 1]",uniform,weyl_seed_312004,weyl_labels_seed_612004_unique
4,3,8,12,1.5,3,walsh_degree_3,walsh_k_local,trained,0.5872738326211255,0.5872743597241806,-5.271030550924038e-07,-8.975422125311339e-07,0.5872739567619483,-1.2414082273259908e-07,-2.1138490400386597e-07,91,120,44,44,750,threshold,60.42952591367066,adam,0.01,constant,1000,50,1e-06,100,0,drop_extra,312004,612004,16,12,0.75,"[1, 1, 1, 1, 1, 1, 1, 1, 1, 1, 1, 1]",uniform,weyl_seed_312004,weyl_labels_seed_612004_unique
4,3,8,12,1.5,4,walsh_degree_4,walsh_k_local,trained,0.5872738326211255,0.5872742399735837,-4.073524582093313e-07,-6.93632911228536e-07,0.5872739567619483,-1.2414082273259908e-07,-2.1138490400386597e-07,112,120,84,84,1000,max_steps,75.92121831327677,adam,0.01,constant,1000,50,1e-06,100,0,drop_extra,312004,612004,16,12,0.75,"[1, 1, 1, 1, 1, 1, 1, 1, 1, 1, 1, 1]",uniform,weyl_seed_312004,weyl_labels_seed_612004_unique
4,3,8,12,1.5,5,walsh_degree_5,walsh_k_local,trained,0.5872738326211255,0.5872744163113796,-5.836902540190536e-07,-9.938979426580653e-07,0.5872739567619483,-1.2414082273259908e-07,-2.1138490400386597e-07,119,120,38,38,1000,threshold,73.93803955055773,adam,0.01,constant,1000,50,1e-06,100,0,drop_extra,312004,612004,16,12,0.75,"[1, 1, 1, 1, 1, 1, 1, 1, 1, 1, 1, 1]",uniform,weyl_seed_312004,weyl_labels_seed_612004_unique
