instance_id,n_sys,d,M,M_over_d,fiducial_id,orbit_index_set_id,prior_type,benchmark_seed,data_seed,raw_outcomes,effective_m_outcomes,projection_strategy,class_group_sizes,coverage_ratio,p_opt,p_succ_full,gap_abs_full,gap_rel_full,p_succ_deg1,gap_abs_deg1,gap_rel_deg1,G2_deg1,G2_sq_deg1,G2_block_json,num_ucr_params_full,num_ucr_params_deg1,ucr_compression_ratio,optimizer_name,learning_rate,learning_rate_schedule,max_steps,eval_interval,threshold,num_restarts,stopping_rule,aggregation_rule,best_restart_full,best_restart_deg1,num_steps_full,num_steps_deg1,termination_reason_full,termination_reason_deg1,wall_clock_sec_full,wall_clock_sec_deg1
0,3,8,10,1.25,weyl_seed_310000,weyl_labels_seed_610000_unique,uniform,310000,610000,16,10,drop_extra,"[1, 1, 1, 1, 1, 1, 1, 1, 1, 1]",0.625,0.6753763825492125,0.6753765074412388,-1.2489202627641305e-07,-1.8492211084581798e-07,0.6284030687083706,0.04697331384084191,0.06955131250450429,0.04945092158683511,0.0024453936457873144,"[0.04945092156101676, 1.5719454815311926e-06, 2.871310727476198e-07, 5.023945453331792e-09]",120,22,5.454545454545454,adam,0.01,constant,1000,50,1e-06,50,abs_eval_loss_delta_le_threshold_on_eval_interval,best_over_restarts_for_row;mean_se_for_figure;median_iqr_in_summary,43,8,450,1000,threshold,max_steps,42.04140204191208,74.18788660131395
1,3,8,10,1.25,weyl_seed_310001,weyl_labels_seed_610001_unique,uniform,310001,610001,16,10,drop_extra,"[1, 1, 1, 1, 1, 1, 1, 1, 1, 1]",0.625,0.6535234247667049,0.6535242281662521,-8.033995472223054e-07,-1.229335501644954e-06,0.620497970950481,0.033025453816223904,0.05053446068595528,0.040477527462933253,0.001638430229512516,"[0.04047752703851005, 5.7001810524982396e-06, 1.3664288796549943e-06, 3.473883540679146e-09]",120,22,5.454545454545454,adam,0.01,constant,1000,50,1e-06,50,abs_eval_loss_delta_le_threshold_on_eval_interval,best_over_restarts_for_row;mean_se_for_figure;median_iqr_in_summary,16,38,700,900,threshold,threshold,70.15682195872068,67.7455680295825
2,3,8,10,1.25,weyl_seed_310002,weyl_labels_seed_610002_unique,uniform,310002,610002,16,10,drop_extra,"[1, 1, 1, 1, 1, 1, 1, 1, 1, 1]",0.625,0.6697057570378347,0.6697040741778795,1.6828599552765056e-06,2.5128348346890993e-06,0.6239111667934392,0.04579459024439558,0.06838016511452571,0.04762223187042299,0.0022678769683203313,"[0.04762223175935406, 2.1594075822471145e-06, 2.4321703014664974e-06, 1.4400804598622951e-08]",120,22,5.454545454545454,adam,0.01,constant,1000,50,1e-06,50,abs_eval_loss_delta_le_threshold_on_eval_interval,best_over_restarts_for_row;mean_se_for_figure;median_iqr_in_summary,23,12,800,1000,threshold,max_steps,74.4063242636621,73.88910386152565
3,3,8,10,1.25,weyl_seed_310003,weyl_labels_seed_610003_unique,uniform,310003,610003,16,10,drop_extra,"[1, 1, 1, 1, 1, 1, 1, 1, 1, 1]",0.625,0.6683034884801743,0.6683031066744325,3.818057418003562e-07,5.713059237033786e-07,0.6264445172026518,0.04185897127752247,0.06263467421472879,0.04702919900813983,0.0022117455593472207,"[0.04702919840946923, 7.268049130556912e-06, 1.8668036529095279e-06, 2.2439754378175553e-08]",120,22,5.454545454545454,adam,0.01,constant,1000,50,1e-06,50,abs_eval_loss_delta_le_threshold_on_eval_interval,best_over_restarts_for_row;mean_se_for_figure;median_iqr_in_summary,39,45,600,1000,threshold,max_steps,59.18108991533518,75.64128279872239
4,3,8,10,1.25,weyl_seed_310004,weyl_labels_seed_610004_unique,uniform,310004,610004,16,10,drop_extra,"[1, 1, 1, 1, 1, 1, 1, 1, 1, 1]",0.625,0.6889339428215966,0.6889249855915583,8.957230038242336e-06,1.3001580386004965e-05,0.6769563917014285,0.011977551120168073,0.017385630719707085,3.921343004067674e-07,1.5376930955550487e-13,"[3.915941790401164e-07, 1.842221442986953e-08, 6.36644305384922e-09, 6.587785344420483e-09]",120,22,5.454545454545454,adam,0.01,constant,1000,50,1e-06,50,abs_eval_loss_delta_le_threshold_on_eval_interval,best_over_restarts_for_row;mean_se_for_figure;median_iqr_in_summary,28,17,600,600,threshold,threshold,56.549362218007445,45.73624310083687
5,3,8,10,1.25,weyl_seed_310005,weyl_labels_seed_610005_unique,uniform,310005,610005,16,10,drop_extra,"[1, 1, 1, 1, 1, 1, 1, 1, 1, 1]",0.625,0.6657197906599317,0.6657204642468983,-6.735869666485428e-07,-1.0118175486127764e-06,0.6160892409356015,0.04963054972433023,0.07455171142671183,0.052009913299280536,0.0027050310813986787,"[0.052009913051630254, 5.013413152740232e-06, 7.912346061528125e-07, 1.3287392677752537e-08]",120,22,5.454545454545454,adam,0.01,constant,1000,50,1e-06,50,abs_eval_loss_delta_le_threshold_on_eval_interval,best_over_restarts_for_row;mean_se_for_figure;median_iqr_in_summary,27,11,450,1000,threshold,max_steps,42.6098470184952,74.58403523638844
6,3,8,10,1.25,weyl_seed_310006,weyl_labels_seed_610006_unique,uniform,310006,610006,16,10,drop_extra,"[1, 1, 1, 1, 1, 1, 1, 1, 1, 1]",0.625,0.7166568971507646,0.7166567588486972,1.383020674650126e-07,1.929822597324668e-07,0.6776224385065245,0.039034458644240155,0.05446742897393534,0.04388406282549744,0.0019258109700722064,"[0.043884062745453575, 1.9594752146379582e-06, 1.7340533499313715e-06, 4.228661484522613e-07]",120,22,5.454545454545454,adam,0.01,constant,1000,50,1e-06,50,abs_eval_loss_delta_le_threshold_on_eval_interval,best_over_restarts_for_row;mean_se_for_figure;median_iqr_in_summary,45,7,700,1000,threshold,max_steps,64.7938480079174,75.98679451458156
7,3,8,10,1.25,weyl_seed_310007,weyl_labels_seed_610007_unique,uniform,310007,610007,16,10,drop_extra,"[1, 1, 1, 1, 1, 1, 1, 1, 1, 1]",0.625,0.6300530642924292,0.6300528676673594,1.9662506989259754e-07,3.120769995990958e-07,0.591195954132749,0.0388571101596803,0.061672757997484125,0.03899092279367862,0.0015202920603026068,"[0.03899092208077562, 7.378023656338849e-06, 1.075987029703094e-06, 2.2577327960867448e-08]",120,22,5.454545454545454,adam,0.01,constant,1000,50,1e-06,50,abs_eval_loss_delta_le_threshold_on_eval_interval,best_over_restarts_for_row;mean_se_for_figure;median_iqr_in_summary,20,3,550,1000,threshold,max_steps,51.876580618321896,76.20205801539123
8,3,8,10,1.25,weyl_seed_310008,weyl_labels_seed_610008_unique,uniform,310008,610008,16,10,drop_extra,"[1, 1, 1, 1, 1, 1, 1, 1, 1, 1]",0.625,0.6877537534448789,0.6877530252963477,7.281485311372293e-07,1.0587343616665378e-06,0.6448081160689352,0.0429456373759437,0.06244333405791532,0.04910748839750662,0.0024115454167112477,"[0.04910748654067343, 6.619080073456472e-06, 1.1770242805838128e-05, 1.3412249164030351e-07]",120,22,5.454545454545454,adam,0.01,constant,1000,50,1e-06,50,abs_eval_loss_delta_le_threshold_on_eval_interval,best_over_restarts_for_row;mean_se_for_figure;median_iqr_in_summary,27,49,550,1000,threshold,max_steps,51.71194080449641,76.29007088765502
9,3,8,10,1.25,weyl_seed_310009,weyl_labels_seed_610009_unique,uniform,310009,610009,16,10,drop_extra,"[1, 1, 1, 1, 1, 1, 1, 1, 1, 1]",0.625,0.6896354451357734,0.6896334037896084,2.0413461649937403e-06,2.96003660976539e-06,0.6373847805910196,0.0522506645447538,0.07576563083190546,0.05618582082461354,0.003156846461735577,"[0.056185820416528635, 6.083131269030214e-06, 2.975279945911877e-06, 1.9856372595346234e-08]",120,22,5.454545454545454,adam,0.01,constant,1000,50,1e-06,50,abs_eval_loss_delta_le_threshold_on_eval_interval,best_over_restarts_for_row;mean_se_for_figure;median_iqr_in_summary,18,16,650,1000,threshold,max_steps,61.226077200844884,78.02820594422519
0,3,8,11,1.375,weyl_seed_311000,weyl_labels_seed_611000_unique,uniform,311000,611000,16,11,drop_extra,"[1, 1, 1, 1, 1, 1, 1, 1, 1, 1, 1]",0.6875,0.6388844515858974,0.63890137202344,-1.6920437542644606e-05,-2.6484347053122283e-05,0.6288139461704711,0.0100705054154262,0.015762639692401766,0.011775465020901042,0.000138661576458464,"[0.011775307995495702, 3.501598837428856e-05, 4.971865526314501e-05, 7.453854315095215e-08]",120,22,5.454545454545454,adam,0.01,constant,1000,50,1e-06,50,abs_eval_loss_delta_le_threshold_on_eval_interval,best_over_restarts_for_row;mean_se_for_figure;median_iqr_in_summary,27,32,1000,1000,max_steps,max_steps,103.08887961506844,81.30126985907555
1,3,8,11,1.375,weyl_seed_311001,weyl_labels_seed_611001_unique,uniform,311001,611001,16,11,drop_extra,"[1, 1, 1, 1, 1, 1, 1, 1, 1, 1, 1]",0.6875,0.6484100706430255,0.6484160475597216,-5.976916696126544e-06,-9.217803619550914e-06,0.6231365877359489,0.02527348290707654,0.03897762242035034,0.03562105217586501,0.0012688593581156973,"[0.035621051395849986, 6.261076342214816e-06, 3.4271602655345193e-07, 4.031300026480699e-06]",120,22,5.454545454545454,adam,0.01,constant,1000,50,1e-06,50,abs_eval_loss_delta_le_threshold_on_eval_interval,best_over_restarts_for_row;mean_se_for_figure;median_iqr_in_summary,35,37,650,1000,threshold,max_steps,64.55773640424013,80.33490578830242
2,3,8,11,1.375,weyl_seed_311002,weyl_labels_seed_611002_unique,uniform,311002,611002,16,11,drop_extra,"[1, 1, 1, 1, 1, 1, 1, 1, 1, 1, 1]",0.6875,0.5944072583794615,0.5944058387476417,1.4196318197656765e-06,2.38831508154196e-06,0.5724261009681499,0.02198115741131157,0.03697996129999997,0.029791543657582353,0.0008875360735016353,"[0.02979154306900079, 5.685577770914814e-06, 1.6562785634924272e-06, 2.12834995417834e-08]",120,22,5.454545454545454,adam,0.01,constant,1000,50,1e-06,50,abs_eval_loss_delta_le_threshold_on_eval_interval,best_over_restarts_for_row;mean_se_for_figure;median_iqr_in_summary,0,4,900,1000,threshold,max_steps,242.70977982133627,75.15795316174626
3,3,8,11,1.375,weyl_seed_311003,weyl_labels_seed_611003_unique,uniform,311003,611003,16,11,drop_extra,"[1, 1, 1, 1, 1, 1, 1, 1, 1, 1, 1]",0.6875,0.6320942199451853,0.6321020678294924,-7.84788430707728e-06,-1.2415687502660349e-05,0.6035803070817756,0.028513912863409763,0.04511022560194027,0.02941087801067207,0.0008649997453586337,"[0.029410877635689007, 3.81312198954996e-06, 2.739233454965311e-06, 1.1773963986717605e-07]",120,22,5.454545454545454,adam,0.01,constant,1000,50,1e-06,50,abs_eval_loss_delta_le_threshold_on_eval_interval,best_over_restarts_for_row;mean_se_for_figure;median_iqr_in_summary,0,14,600,950,threshold,threshold,216.55844359844923,76.45074149779975
4,3,8,11,1.375,weyl_seed_311004,weyl_labels_seed_611004_unique,uniform,311004,611004,16,11,drop_extra,"[1, 1, 1, 1, 1, 1, 1, 1, 1, 1, 1]",0.6875,0.650302956499256,0.6503089218639629,-5.9653647069835e-06,-9.173208652005145e-06,0.6161650017849656,0.034137954714290375,0.0524954628809679,0.04400529325255256,0.0019364658342431481,"[0.04400529316450664, 2.7077279122327553e-06, 6.458956024741527e-07, 1.3863302093350601e-09]",120,22,5.454545454545454,adam,0.01,constant,1000,50,1e-06,50,abs_eval_loss_delta_le_threshold_on_eval_interval,best_over_restarts_for_row;mean_se_for_figure;median_iqr_in_summary,15,25,550,1000,threshold,threshold,58.14613892138004,78.87309344299138
5,3,8,11,1.375,weyl_seed_311005,weyl_labels_seed_611005_unique,uniform,311005,611005,16,11,drop_extra,"[1, 1, 1, 1, 1, 1, 1, 1, 1, 1, 1]",0.6875,0.6117356234947227,0.6117341204882583,1.503006464398382e-06,2.456954289848298e-06,0.5767190434194414,0.0350165800752813,0.05724136167718764,0.03779665506925449,0.0014285871344242012,"[0.0377966550629451, 5.630782301306563e-07, 3.998584296119998e-07, 1.943723201265058e-09]",120,22,5.454545454545454,adam,0.01,constant,1000,50,1e-06,50,abs_eval_loss_delta_le_threshold_on_eval_interval,best_over_restarts_for_row;mean_se_for_figure;median_iqr_in_summary,19,6,750,1000,threshold,max_steps,74.01204098016024,80.29217436909676
6,3,8,11,1.375,weyl_seed_311006,weyl_labels_seed_611006_unique,uniform,311006,611006,16,11,drop_extra,"[1, 1, 1, 1, 1, 1, 1, 1, 1, 1, 1]",0.6875,0.6156247790436948,0.6155875630624204,3.7215981274485443e-05,6.045237706691463e-05,0.5884719937899923,0.02715278525370257,0.044106062942887755,0.03447377373317868,0.0011884410754064002,"[0.034473773050908825, 6.307737588669734e-06, 2.693180488388918e-06, 7.621391040761988e-09]",120,22,5.454545454545454,adam,0.01,constant,1000,50,1e-06,50,abs_eval_loss_delta_le_threshold_on_eval_interval,best_over_restarts_for_row;mean_se_for_figure;median_iqr_in_summary,0,45,650,1000,threshold,max_steps,259.52112037315965,75.06429590284824
7,3,8,11,1.375,weyl_seed_311007,weyl_labels_seed_611007_unique,uniform,311007,611007,16,11,drop_extra,"[1, 1, 1, 1, 1, 1, 1, 1, 1, 1, 1]",0.6875,0.5902035916802781,0.5902032498437084,3.418365697172021e-07,5.791841570194645e-07,0.5755338514994586,0.014669740180819568,0.024855389542878924,0.016847934081932553,0.00028385288282914444,"[0.01684793031449285, 5.0254250884040615e-06, 1.0072110244205096e-05, 4.9480826522041e-07]",120,22,5.454545454545454,adam,0.01,constant,1000,50,1e-06,50,abs_eval_loss_delta_le_threshold_on_eval_interval,best_over_restarts_for_row;mean_se_for_figure;median_iqr_in_summary,49,32,700,1000,threshold,max_steps,73.16825204715133,77.85363323055208
8,3,8,11,1.375,weyl_seed_311008,weyl_labels_seed_611008_unique,uniform,311008,611008,16,11,drop_extra,"[1, 1, 1, 1, 1, 1, 1, 1, 1, 1, 1]",0.6875,0.5607159954682447,0.5607015009617549,1.4494506489826087e-05,2.5849996445565928e-05,0.5522971176900664,0.00841887777817829,0.015014513311944712,0.00726405493482265,5.276649409612129e-05,"[0.007264051577194283, 5.9242812678998295e-06, 3.6972161164450688e-06, 1.1604732717683985e-07]",120,22,5.454545454545454,adam,0.01,constant,1000,50,1e-06,50,abs_eval_loss_delta_le_threshold_on_eval_interval,best_over_restarts_for_row;mean_se_for_figure;median_iqr_in_summary,40,20,800,850,threshold,threshold,80.84179315902293,67.28485280834138
9,3,8,11,1.375,weyl_seed_311009,weyl_labels_seed_611009_unique,uniform,311009,611009,16,11,drop_extra,"[1, 1, 1, 1, 1, 1, 1, 1, 1, 1, 1]",0.6875,0.6288122573744178,0.6288146977860392,-2.4404116213405658e-06,-3.880986085625006e-06,0.5952240180523283,0.03358823932208954,0.05341536989488084,0.04202306355259048,0.0017659378703450586,"[0.04202304690104238, 4.687352860481272e-06, 1.0024866416700486e-05, 3.573553732058045e-05]",120,22,5.454545454545454,adam,0.01,constant,1000,50,1e-06,50,abs_eval_loss_delta_le_threshold_on_eval_interval,best_over_restarts_for_row;mean_se_for_figure;median_iqr_in_summary,23,25,750,850,threshold,threshold,73.14014896005392,69.74071693979204
0,3,8,12,1.5,weyl_seed_312000,weyl_labels_seed_612000_unique,uniform,312000,612000,16,12,drop_extra,"[1, 1, 1, 1, 1, 1, 1, 1, 1, 1, 1, 1]",0.75,0.5622170987666633,0.5622162533843996,8.453822636367292e-07,1.5036580450705712e-06,0.546974587331563,0.015242511435100248,0.027111433409865646,0.02552404443437969,0.000651476844288189,"[0.025524036920723765, 1.8869332771987373e-05, 5.244291922818925e-06, 5.832642219866651e-08]",120,22,5.454545454545454,adam,0.01,constant,1000,50,1e-06,50,abs_eval_loss_delta_le_threshold_on_eval_interval,best_over_restarts_for_row;mean_se_for_figure;median_iqr_in_summary,39,18,650,1000,threshold,max_steps,66.97720924392343,82.72863388806581
1,3,8,12,1.5,weyl_seed_312001,weyl_labels_seed_612001_unique,uniform,312001,612001,16,12,drop_extra,"[1, 1, 1, 1, 1, 1, 1, 1, 1, 1, 1, 1]",0.75,0.5827491219690573,0.5827486245117041,4.9745735319906e-07,8.536389579072999e-07,0.5759593263836541,0.006789795585403158,0.011651318430924519,0.009388445019721357,8.814289988833076e-05,"[0.009388424300791355, 1.9500187668910515e-05, 2.9628745461666552e-06, 2.639020918289141e-08]",120,22,5.454545454545454,adam,0.01,constant,1000,50,1e-06,50,abs_eval_loss_delta_le_threshold_on_eval_interval,best_over_restarts_for_row;mean_se_for_figure;median_iqr_in_summary,39,37,900,1000,threshold,max_steps,96.75164941139519,80.9451670050621
2,3,8,12,1.5,weyl_seed_312002,weyl_labels_seed_612002_unique,uniform,312002,612002,16,12,drop_extra,"[1, 1, 1, 1, 1, 1, 1, 1, 1, 1, 1, 1]",0.75,0.5389483337439407,0.5389468571994834,1.4765444572573116e-06,2.739677191318364e-06,0.5253327212912811,0.013615612452659631,0.025263298168259174,0.022193213145496448,0.0004925387097214364,"[0.022193211933749294, 7.281075080786903e-06, 8.780097848727193e-07, 1.2990814360175297e-08]",120,22,5.454545454545454,adam,0.01,constant,1000,50,1e-06,50,abs_eval_loss_delta_le_threshold_on_eval_interval,best_over_restarts_for_row;mean_se_for_figure;median_iqr_in_summary,38,4,1000,1000,max_steps,threshold,110.8033725079149,80.91651582159102
3,3,8,12,1.5,weyl_seed_312003,weyl_labels_seed_612003_unique,uniform,312003,612003,16,12,drop_extra,"[1, 1, 1, 1, 1, 1, 1, 1, 1, 1, 1, 1]",0.75,0.5584462009477809,0.5584427947798072,3.4061679736741013e-06,6.0993663631218885e-06,0.5516375929719308,0.006808607975850034,0.012192057111848259,0.015634604174608293,0.0002444408476966791,"[0.015634603963595537, 9.72293958162425e-07, 2.3775715024111867e-06, 3.7029336375190617e-16]",120,22,5.454545454545454,adam,0.01,constant,1000,50,1e-06,50,abs_eval_loss_delta_le_threshold_on_eval_interval,best_over_restarts_for_row;mean_se_for_figure;median_iqr_in_summary,14,46,1000,1000,max_steps,max_steps,101.02550071664155,81.97575701586902
4,3,8,12,1.5,weyl_seed_312004,weyl_labels_seed_612004_unique,uniform,312004,612004,16,12,drop_extra,"[1, 1, 1, 1, 1, 1, 1, 1, 1, 1, 1, 1]",0.75,0.5872738326211255,0.5872741167620905,-2.841409649789739e-07,-4.838304538630532e-07,0.5732107659301169,0.014063066691008652,0.02394635331910202,0.013384594043732004,0.00017914735771550625,"[0.013384590112315256, 1.9486968257715952e-06, 9.728912174815378e-06, 2.606082780220234e-06]",120,22,5.454545454545454,adam,0.01,constant,1000,50,1e-06,50,abs_eval_loss_delta_le_threshold_on_eval_interval,best_over_restarts_for_row;mean_se_for_figure;median_iqr_in_summary,41,41,650,1000,threshold,max_steps,69.04552764818072,81.37490183673799
5,3,8,12,1.5,weyl_seed_312005,weyl_labels_seed_612005_unique,uniform,312005,612005,16,12,drop_extra,"[1, 1, 1, 1, 1, 1, 1, 1, 1, 1, 1, 1]",0.75,0.5860818576401956,0.5860813355012959,5.22138899672342e-07,8.908975646758389e-07,0.572856249627283,0.013225608012912615,0.02256614471255654,0.02560357944074958,0.0006555432801787747,"[0.025603563253804033, 2.8359442180446576e-05, 4.962749247039973e-06, 1.973948833379374e-08]",120,22,5.454545454545454,adam,0.01,constant,1000,50,1e-06,50,abs_eval_loss_delta_le_threshold_on_eval_interval,best_over_restarts_for_row;mean_se_for_figure;median_iqr_in_summary,14,36,850,900,threshold,threshold,89.44826834090054,71.05843924172223
6,3,8,12,1.5,weyl_seed_312006,weyl_labels_seed_612006_unique,uniform,312006,612006,16,12,drop_extra,"[1, 1, 1, 1, 1, 1, 1, 1, 1, 1, 1, 1]",0.75,0.5929422501200053,0.5929429265512536,-6.764312482365753e-07,-1.1408046029772252e-06,0.5784315269977034,0.01451072312230195,0.02447240539760007,0.018933644094006,0.00035848287867848823,"[0.01893364403801175, 1.399875774900484e-06, 4.008655029252804e-07, 2.255977892641623e-09]",120,22,5.454545454545454,adam,0.01,constant,1000,50,1e-06,50,abs_eval_loss_delta_le_threshold_on_eval_interval,best_over_restarts_for_row;mean_se_for_figure;median_iqr_in_summary,16,45,800,1000,threshold,max_steps,84.1385331954807,81.42547969520092
7,3,8,12,1.5,weyl_seed_312007,weyl_labels_seed_612007_unique,uniform,312007,612007,16,12,drop_extra,"[1, 1, 1, 1, 1, 1, 1, 1, 1, 1, 1, 1]",0.75,0.5588929130169917,0.5588894625577827,3.450459209020096e-06,6.173739420659273e-06,0.5535749213515289,0.005317991665462873,0.00951522472660374,0.013637077601753072,0.0001859698855162353,"[0.013637077222466971, 3.1937747702040185e-06, 3.8013451632853377e-07, 2.8802248176031025e-09]",120,22,5.454545454545454,adam,0.01,constant,1000,50,1e-06,50,abs_eval_loss_delta_le_threshold_on_eval_interval,best_over_restarts_for_row;mean_se_for_figure;median_iqr_in_summary,39,24,1000,1000,max_steps,max_steps,95.12096784263849,78.7587457690388
8,3,8,12,1.5,weyl_seed_312008,weyl_labels_seed_612008_unique,uniform,312008,612008,16,12,drop_extra,"[1, 1, 1, 1, 1, 1, 1, 1, 1, 1, 1, 1]",0.75,0.5174959278734942,0.5174923651228867,3.562750607533083e-06,6.8845964105905476e-06,0.5121933693811214,0.005302558492372822,0.01024657046899328,0.0070426433858043255,4.959882585961341e-05,"[0.007042642314408433, 3.7462522962480856e-06, 1.0060322010489363e-06, 2.107372369796364e-07]",120,22,5.454545454545454,adam,0.01,constant,1000,50,1e-06,50,abs_eval_loss_delta_le_threshold_on_eval_interval,best_over_restarts_for_row;mean_se_for_figure;median_iqr_in_summary,2,37,1000,1000,max_steps,max_steps,103.74918941222131,75.81969273649156
9,3,8,12,1.5,weyl_seed_312009,weyl_labels_seed_612009_unique,uniform,312009,612009,16,12,drop_extra,"[1, 1, 1, 1, 1, 1, 1, 1, 1, 1, 1, 1]",0.75,0.5654172405841291,0.565397594331038,1.964625309114343e-05,3.474646982969073e-05,0.5509155252839422,0.014501715300186957,0.02564781237516798,0.02563877495884495,0.000657346781390295,"[0.025638773206207804, 9.305432545039589e-06, 1.8110280430194467e-06, 6.1878795343611465e-09]",120,22,5.454545454545454,adam,0.01,constant,1000,50,1e-06,50,abs_eval_loss_delta_le_threshold_on_eval_interval,best_over_restarts_for_row;mean_se_for_figure;median_iqr_in_summary,21,37,900,1000,threshold,max_steps,96.96961232833564,77.3400735296309
0,3,8,5,0.625,weyl_seed_305000,weyl_labels_seed_605000_unique,uniform,305000,605000,8,5,drop_extra,"[1, 1, 1, 1, 1]",0.625,0.8347289440252889,0.8347288872249529,5.680033599020362e-08,6.804644357520062e-08,0.8347288588594843,8.516580451978228e-08,1.0202809562238219e-07,6.731180251610986e-05,4.530878757967774e-09,"[6.731172724714723e-05, 9.705137882792266e-08, 2.6720840154877265e-08]",56,15,3.7333333333333334,adam,0.01,constant,1000,50,1e-06,50,abs_eval_loss_delta_le_threshold_on_eval_interval,best_over_restarts_for_row;mean_se_for_figure;median_iqr_in_summary,11,46,400,1000,threshold,threshold,4.915870942175388,8.447799008339643
1,3,8,5,0.625,weyl_seed_305001,weyl_labels_seed_605001_unique,uniform,305001,605001,8,5,drop_extra,"[1, 1, 1, 1, 1]",0.625,0.828558469341401,0.8285560825589737,2.3867824272549854e-06,2.880644535746735e-06,0.8285560844536346,2.3848877663823487e-06,2.8783578403079174e-06,4.927263195835954e-07,2.4277922601039537e-13,"[4.924263346386193e-07, 1.560571345859241e-08, 7.2105944427768155e-09]",56,15,3.7333333333333334,adam,0.01,constant,1000,50,1e-06,50,abs_eval_loss_delta_le_threshold_on_eval_interval,best_over_restarts_for_row;mean_se_for_figure;median_iqr_in_summary,5,0,350,650,threshold,threshold,4.083761058747768,59.06232797168195
2,3,8,5,0.625,weyl_seed_305002,weyl_labels_seed_605002_unique,uniform,305002,605002,8,5,drop_extra,"[1, 1, 1, 1, 1]",0.625,0.8540802127073306,0.8540800372091417,1.7549818887019342e-07,2.05482092031948e-07,0.8540800363992563,1.7630807425117467e-07,2.064303465037546e-07,9.329898512741404e-06,8.704700625805427e-11,"[9.32988562291913e-06, 5.031319095592465e-09, 1.4669939650513533e-08]",56,15,3.7333333333333334,adam,0.01,constant,1000,50,1e-06,50,abs_eval_loss_delta_le_threshold_on_eval_interval,best_over_restarts_for_row;mean_se_for_figure;median_iqr_in_summary,2,17,450,700,threshold,threshold,5.163882814347744,7.701208937913179
3,3,8,5,0.625,weyl_seed_305003,weyl_labels_seed_605003_unique,uniform,305003,605003,8,5,drop_extra,"[1, 1, 1, 1, 1]",0.625,0.9478722108851249,0.9478717415054314,4.693796934462924e-07,4.951930102560816e-07,0.9478717335011386,4.773839862304285e-07,5.036374953799379e-07,2.6354554915187953e-05,6.945625647776574e-10,"[1.817505866284353e-06, 3.001272830845305e-09, 2.6291809146501137e-05]",56,15,3.7333333333333334,adam,0.01,constant,1000,50,1e-06,50,abs_eval_loss_delta_le_threshold_on_eval_interval,best_over_restarts_for_row;mean_se_for_figure;median_iqr_in_summary,32,34,400,450,threshold,threshold,5.2201418206095695,3.969359328970313
4,3,8,5,0.625,weyl_seed_305004,weyl_labels_seed_605004_unique,uniform,305004,605004,8,5,drop_extra,"[1, 1, 1, 1, 1]",0.625,0.937115653350701,0.9371148304602024,8.228904986307128e-07,8.7810986369551e-07,0.9371148313186656,8.220320354412891e-07,8.771937940659458e-07,2.4163109900929895e-05,5.838558800844163e-10,"[2.3886917636169555e-06, 2.7156332522321576e-06, 2.3890905545462603e-05]",56,15,3.7333333333333334,adam,0.01,constant,1000,50,1e-06,50,abs_eval_loss_delta_le_threshold_on_eval_interval,best_over_restarts_for_row;mean_se_for_figure;median_iqr_in_summary,24,28,500,500,threshold,threshold,6.103101367130876,4.301035046577454
5,3,8,5,0.625,weyl_seed_305005,weyl_labels_seed_605005_unique,uniform,305005,605005,8,5,drop_extra,"[1, 1, 1, 1, 1]",0.625,0.8788924675861512,0.8788925096948623,-4.2108711073574057e-08,-4.791110701997962e-08,0.8788925148385293,-4.725237801039839e-08,-5.376354873102447e-08,2.0769635282758562e-05,4.3137774977880934e-10,"[2.0769628707004447e-05, 1.6488123931383543e-08, 1.1374336615564316e-09]",56,15,3.7333333333333334,adam,0.01,constant,1000,50,1e-06,50,abs_eval_loss_delta_le_threshold_on_eval_interval,best_over_restarts_for_row;mean_se_for_figure;median_iqr_in_summary,46,27,450,400,threshold,threshold,5.311771519482136,4.183885822072625
6,3,8,5,0.625,weyl_seed_305006,weyl_labels_seed_605006_unique,uniform,305006,605006,8,5,drop_extra,"[1, 1, 1, 1, 1]",0.625,0.8961155382036297,0.8961140051435124,1.5330601172980352e-06,1.710783991505422e-06,0.8961139889798106,1.5492238190084606e-06,1.7288215112462666e-06,4.117096039195784e-05,1.6950479795961613e-09,"[4.117094795930886e-05, 3.199502095840362e-08, 2.1604757776055983e-10]",56,15,3.7333333333333334,adam,0.01,constant,1000,50,1e-06,50,abs_eval_loss_delta_le_threshold_on_eval_interval,best_over_restarts_for_row;mean_se_for_figure;median_iqr_in_summary,45,8,400,950,threshold,threshold,5.133913848549128,8.136090975254774
7,3,8,5,0.625,weyl_seed_305007,weyl_labels_seed_605007_unique,uniform,305007,605007,8,5,drop_extra,"[1, 1, 1, 1, 1]",0.625,0.9004496933726494,0.9004497354439615,-4.2071312100766534e-08,-4.672255697393569e-08,0.9004496901787905,3.1938588440638682e-09,3.5469597775098536e-09,4.4815850283467506e-05,2.0084604366301743e-09,"[2.851361094738547e-08, 4.48158412127248e-05, 1.5780769308013574e-12]",56,15,3.7333333333333334,adam,0.01,constant,1000,50,1e-06,50,abs_eval_loss_delta_le_threshold_on_eval_interval,best_over_restarts_for_row;mean_se_for_figure;median_iqr_in_summary,16,28,400,600,threshold,threshold,5.310084957629442,5.264262055978179
8,3,8,5,0.625,weyl_seed_305008,weyl_labels_seed_605008_unique,uniform,305008,605008,8,5,drop_extra,"[1, 1, 1, 1, 1]",0.625,0.8491172910958581,0.8491172695155882,2.1580269904397653e-08,2.5414945768618702e-08,0.8491172437033483,4.739250980545506e-08,5.581385552082092e-08,5.0530174171516794e-05,2.553298501803823e-09,"[5.052993403872067e-05, 1.5015164655541125e-07, 4.150095659108149e-08]",56,15,3.7333333333333334,adam,0.01,constant,1000,50,1e-06,50,abs_eval_loss_delta_le_threshold_on_eval_interval,best_over_restarts_for_row;mean_se_for_figure;median_iqr_in_summary,46,8,350,1000,threshold,max_steps,5.401172971352935,8.086591895669699
9,3,8,5,0.625,weyl_seed_305009,weyl_labels_seed_605009_unique,uniform,305009,605009,8,5,drop_extra,"[1, 1, 1, 1, 1]",0.625,0.8684545632729245,0.8684530764189891,1.4868539354173649e-06,1.7120687693940984e-06,0.8684530608967388,1.5023761856802764e-06,1.7299421860578478e-06,3.6920693153727257e-07,1.3631375829516827e-13,"[3.6618685047062244e-07, 4.7126859060034334e-08, 8.940195695289548e-11]",56,15,3.7333333333333334,adam,0.01,constant,1000,50,1e-06,50,abs_eval_loss_delta_le_threshold_on_eval_interval,best_over_restarts_for_row;mean_se_for_figure;median_iqr_in_summary,3,38,400,400,threshold,threshold,5.055247358977795,3.7644387278705835
0,3,8,6,0.75,weyl_seed_306000,weyl_labels_seed_606000_unique,uniform,306000,606000,8,6,drop_extra,"[1, 1, 1, 1, 1, 1]",0.75,0.8558197347182562,0.8558201794055871,-4.4468733084723766e-07,-5.196039689288456e-07,0.8558201771937856,-4.42475529327524e-07,-5.170195443941136e-07,1.182901169005023e-05,1.3992551756334502e-10,"[1.1829006859430604e-05, 7.525731223167697e-09, 7.592513305291178e-09]",56,15,3.7333333333333334,adam,0.01,constant,1000,50,1e-06,50,abs_eval_loss_delta_le_threshold_on_eval_interval,best_over_restarts_for_row;mean_se_for_figure;median_iqr_in_summary,34,2,500,500,threshold,threshold,6.530012274160981,4.048728501424193
1,3,8,6,0.75,weyl_seed_306001,weyl_labels_seed_606001_unique,uniform,306001,606001,8,6,drop_extra,"[1, 1, 1, 1, 1, 1]",0.75,0.7030109311773082,0.7030109044841524,2.669315579684195e-08,3.796975923566344e-08,0.7030109100537256,2.112358254979796e-08,3.00473031257466e-08,2.881516707972756e-06,8.303138538326149e-12,"[2.8778969646840507e-06, 3.393667993237671e-08, 1.4034208472031546e-07]",56,15,3.7333333333333334,adam,0.01,constant,1000,50,1e-06,50,abs_eval_loss_delta_le_threshold_on_eval_interval,best_over_restarts_for_row;mean_se_for_figure;median_iqr_in_summary,26,19,450,600,threshold,threshold,5.466656196862459,7.141041560098529
2,3,8,6,0.75,weyl_seed_306002,weyl_labels_seed_606002_unique,uniform,306002,606002,8,6,drop_extra,"[1, 1, 1, 1, 1, 1]",0.75,0.8888152188828293,0.8888159779191037,-7.590362743892243e-07,-8.539865860344662e-07,0.888815985065294,-7.661824646953974e-07,-8.620267164849274e-07,3.7070631987130574e-07,1.3742317559252685e-13,"[3.7043196783564687e-07, 1.4162250697037592e-08, 1.6623637181468034e-09]",56,15,3.7333333333333334,adam,0.01,constant,1000,50,1e-06,50,abs_eval_loss_delta_le_threshold_on_eval_interval,best_over_restarts_for_row;mean_se_for_figure;median_iqr_in_summary,20,13,350,350,threshold,threshold,4.7612614668905735,3.261164518073201
3,3,8,6,0.75,weyl_seed_306003,weyl_labels_seed_606003_unique,uniform,306003,606003,8,6,drop_extra,"[1, 1, 1, 1, 1, 1]",0.75,0.9243448769981537,0.924344092218176,7.847799776694586e-07,8.490120919132071e-07,0.9243440900010702,7.86997083501717e-07,8.514106618489854e-07,9.223716301802315e-06,8.507694241613377e-11,"[2.3531009706859335e-07, 9.219786507868464e-06, 1.3079879081227353e-07]",56,15,3.7333333333333334,adam,0.01,constant,1000,50,1e-06,50,abs_eval_loss_delta_le_threshold_on_eval_interval,best_over_restarts_for_row;mean_se_for_figure;median_iqr_in_summary,16,13,350,300,threshold,threshold,4.754677914083004,2.6574974320828915
4,3,8,6,0.75,weyl_seed_306004,weyl_labels_seed_606004_unique,uniform,306004,606004,8,6,drop_extra,"[1, 1, 1, 1, 1, 1]",0.75,0.8671655923680861,0.867163899216193,1.693151893134015e-06,1.952512770381372e-06,0.8671639036829815,1.6886851046393758e-06,1.947361749014805e-06,4.7717724523574685e-06,2.276981233707761e-11,"[3.7353266077301963e-06, 2.9689304928492134e-06, 5.0982342929293124e-08]",56,15,3.7333333333333334,adam,0.01,constant,1000,50,1e-06,50,abs_eval_loss_delta_le_threshold_on_eval_interval,best_over_restarts_for_row;mean_se_for_figure;median_iqr_in_summary,20,40,350,350,threshold,threshold,4.594408202916384,3.8099670242518187
5,3,8,6,0.75,weyl_seed_306005,weyl_labels_seed_606005_unique,uniform,306005,606005,8,6,drop_extra,"[1, 1, 1, 1, 1, 1]",0.75,0.827920978857696,0.827921272397089,-2.935393930147967e-07,-3.545500120311006e-07,0.8279212843888892,-3.0553119323428746e-07,-3.6903424485732536e-07,2.3505150776100287e-07,5.5249211300720796e-14,"[2.2130976102202682e-07, 7.798576854843631e-08, 1.3763025866570798e-08]",56,15,3.7333333333333334,adam,0.01,constant,1000,50,1e-06,50,abs_eval_loss_delta_le_threshold_on_eval_interval,best_over_restarts_for_row;mean_se_for_figure;median_iqr_in_summary,36,13,400,350,threshold,threshold,5.18359636887908,3.8728048875927925
6,3,8,6,0.75,weyl_seed_306006,weyl_labels_seed_606006_unique,uniform,306006,606006,8,6,drop_extra,"[1, 1, 1, 1, 1, 1]",0.75,0.8609533780519399,0.8609536308615189,-2.528095789378071e-07,-2.936391044888327e-07,0.8609536279225718,-2.4987063185211156e-07,-2.9022550839801367e-07,3.7198536885217345e-07,1.3837311464008755e-13,"[3.719406619049053e-07, 1.822468136642112e-09, 5.4714962962052494e-09]",56,15,3.7333333333333334,adam,0.01,constant,1000,50,1e-06,50,abs_eval_loss_delta_le_threshold_on_eval_interval,best_over_restarts_for_row;mean_se_for_figure;median_iqr_in_summary,25,40,550,400,threshold,threshold,7.702409528195858,4.193977450951934
7,3,8,6,0.75,weyl_seed_306007,weyl_labels_seed_606007_unique,uniform,306007,606007,8,6,drop_extra,"[1, 1, 1, 1, 1, 1]",0.75,0.8547692182663521,0.8547679345434244,1.2837229277362638e-06,1.501835700564789e-06,0.8547679442441952,1.2740221568829924e-06,1.4904867064199755e-06,4.95240568460979e-06,2.4526322064955364e-11,"[3.65623448387009e-08, 4.952270657758563e-06, 7.69544563567585e-10]",56,15,3.7333333333333334,adam,0.01,constant,1000,50,1e-06,50,abs_eval_loss_delta_le_threshold_on_eval_interval,best_over_restarts_for_row;mean_se_for_figure;median_iqr_in_summary,20,21,350,400,threshold,threshold,4.857396548613906,3.7929839324206114
8,3,8,6,0.75,weyl_seed_306008,weyl_labels_seed_606008_unique,uniform,306008,606008,8,6,drop_extra,"[1, 1, 1, 1, 1, 1]",0.75,0.8550383141107443,0.8550351179548052,3.1961559390225602e-06,3.7380265729338944e-06,0.8550351166754169,3.1974353273955813e-06,3.7395228665524464e-06,9.818392542989108e-06,9.640083212822412e-11,"[9.051739926531885e-06, 9.171782087639089e-09, 3.803518411821611e-06]",56,15,3.7333333333333334,adam,0.01,constant,1000,50,1e-06,50,abs_eval_loss_delta_le_threshold_on_eval_interval,best_over_restarts_for_row;mean_se_for_figure;median_iqr_in_summary,3,15,600,400,threshold,threshold,8.107136929407716,3.883300667628646
9,3,8,6,0.75,weyl_seed_306009,weyl_labels_seed_606009_unique,uniform,306009,606009,8,6,drop_extra,"[1, 1, 1, 1, 1, 1]",0.75,0.8064618092105509,0.8064618244561055,-1.524555459653243e-08,-1.8904248685323824e-08,0.8064618249530304,-1.5742479542169008e-08,-1.9520427827300828e-08,8.302845314202963e-06,6.89372403115821e-11,"[2.0002749358034088e-07, 8.3004167361855e-06, 1.764423548148385e-08]",56,15,3.7333333333333334,adam,0.01,constant,1000,50,1e-06,50,abs_eval_loss_delta_le_threshold_on_eval_interval,best_over_restarts_for_row;mean_se_for_figure;median_iqr_in_summary,34,43,500,1000,threshold,max_steps,6.444756586104631,9.801631912589073
0,3,8,7,0.875,weyl_seed_307000,weyl_labels_seed_607000_unique,uniform,307000,607000,8,7,drop_extra,"[1, 1, 1, 1, 1, 1, 1]",0.875,0.743586699106594,0.7435996402846917,-1.2941178097691797e-05,-1.74037245599476e-05,0.7435997219878562,-1.3022881262148012e-05,-1.7513601679259147e-05,2.8432039821531626e-05,8.083808884131601e-10,"[2.361443197228518e-05, 1.2920057144674997e-05, 9.154868345192528e-06]",56,15,3.7333333333333334,adam,0.01,constant,1000,50,1e-06,50,abs_eval_loss_delta_le_threshold_on_eval_interval,best_over_restarts_for_row;mean_se_for_figure;median_iqr_in_summary,48,4,650,900,threshold,threshold,8.46740778721869,7.424146393314004
1,3,8,7,0.875,weyl_seed_307001,weyl_labels_seed_607001_unique,uniform,307001,607001,8,7,drop_extra,"[1, 1, 1, 1, 1, 1, 1]",0.875,0.8399988073050597,0.8399985885879482,2.1871711153309548e-07,2.603778834339043e-07,0.839998588900752,2.1840430775021957e-07,2.600054974493581e-07,2.6070788408797767e-07,6.796860082563039e-14,"[1.063803111757914e-07, 5.6399401771969974e-09, 2.3794961923602613e-07]",56,15,3.7333333333333334,adam,0.01,constant,1000,50,1e-06,50,abs_eval_loss_delta_le_threshold_on_eval_interval,best_over_restarts_for_row;mean_se_for_figure;median_iqr_in_summary,46,14,350,650,threshold,threshold,5.153645204380155,6.748999435454607
2,3,8,7,0.875,weyl_seed_307002,weyl_labels_seed_607002_unique,uniform,307002,607002,8,7,drop_extra,"[1, 1, 1, 1, 1, 1, 1]",0.875,0.7900833066966543,0.790083657622975,-3.5092632078015384e-07,-4.4416369489868113e-07,0.7900836561997129,-3.4950305860537156e-07,-4.4236228717025694e-07,8.083252399009122e-06,6.533896934608673e-11,"[6.506700484421669e-08, 8.082990461692885e-06, 9.094774126465191e-10]",56,15,3.7333333333333334,adam,0.01,constant,1000,50,1e-06,50,abs_eval_loss_delta_le_threshold_on_eval_interval,best_over_restarts_for_row;mean_se_for_figure;median_iqr_in_summary,47,21,400,450,threshold,threshold,7.049308827146888,5.884508136659861
3,3,8,7,0.875,weyl_seed_307003,weyl_labels_seed_607003_unique,uniform,307003,607003,8,7,drop_extra,"[1, 1, 1, 1, 1, 1, 1]",0.875,0.8024585156877306,0.8024581256355509,3.9005217977727824e-07,4.860714568440862e-07,0.8024581534853568,3.6220237387141196e-07,4.5136585479561375e-07,6.412981751143265e-07,4.1126334940496545e-13,"[6.283126568762047e-07, 1.2777391631548476e-07, 1.2664159014067984e-08]",56,15,3.7333333333333334,adam,0.01,constant,1000,50,1e-06,50,abs_eval_loss_delta_le_threshold_on_eval_interval,best_over_restarts_for_row;mean_se_for_figure;median_iqr_in_summary,20,46,450,550,threshold,threshold,6.268750628456473,5.748318899422884
4,3,8,7,0.875,weyl_seed_307004,weyl_labels_seed_607004_unique,uniform,307004,607004,8,7,drop_extra,"[1, 1, 1, 1, 1, 1, 1]",0.875,0.8545108305660589,0.8545106271759906,2.033900683429124e-07,2.3801929837235585e-07,0.8545106317575445,1.9880851442888314e-07,2.3265768825561307e-07,1.3358708815726499e-06,1.7845510122336885e-12,"[1.3357545669339162e-06, 4.7955350817850315e-09, 1.6963254173476473e-08]",56,15,3.7333333333333334,adam,0.01,constant,1000,50,1e-06,50,abs_eval_loss_delta_le_threshold_on_eval_interval,best_over_restarts_for_row;mean_se_for_figure;median_iqr_in_summary,48,19,350,600,threshold,threshold,5.57368316873908,8.770059457048774
5,3,8,7,0.875,weyl_seed_307005,weyl_labels_seed_607005_unique,uniform,307005,607005,8,7,drop_extra,"[1, 1, 1, 1, 1, 1, 1]",0.875,0.714472771287475,0.7144728954800313,-1.2419255634998905e-07,-1.7382405788004339e-07,0.714472909993404,-1.387059289648107e-07,-1.941374598710929e-07,1.4160502452642953e-07,2.005198297113071e-14,"[1.4025937329953614e-07, 1.9466392142522964e-08, 5.922412562452092e-10]",56,15,3.7333333333333334,adam,0.01,constant,1000,50,1e-06,50,abs_eval_loss_delta_le_threshold_on_eval_interval,best_over_restarts_for_row;mean_se_for_figure;median_iqr_in_summary,46,13,400,400,threshold,threshold,6.019013179466128,4.493478247895837
6,3,8,7,0.875,weyl_seed_307006,weyl_labels_seed_607006_unique,uniform,307006,607006,8,7,drop_extra,"[1, 1, 1, 1, 1, 1, 1]",0.875,0.8190602049092611,0.8190593951340054,8.097752557389981e-07,9.886638990459907e-07,0.8190593969991006,8.079101605495964e-07,9.863867829338626e-07,2.4481055835165493e-07,5.993220948044904e-14,"[2.4456781480330824e-07, 1.081767499493654e-08, 1.3309209171401386e-09]",56,15,3.7333333333333334,adam,0.01,constant,1000,50,1e-06,50,abs_eval_loss_delta_le_threshold_on_eval_interval,best_over_restarts_for_row;mean_se_for_figure;median_iqr_in_summary,22,17,400,450,threshold,threshold,6.193415276706219,5.115619303658605
7,3,8,7,0.875,weyl_seed_307007,weyl_labels_seed_607007_unique,uniform,307007,607007,8,7,drop_extra,"[1, 1, 1, 1, 1, 1, 1]",0.875,0.7181250391583583,0.7181258302080676,-7.910497092922242e-07,-1.101548708313156e-06,0.718125832382265,-7.932239066699154e-07,-1.1045763111109074e-06,1.278078438848626e-07,1.633484495849741e-14,"[5.580770585280902e-08, 1.1497974232167484e-07, 6.149459334131662e-11]",56,15,3.7333333333333334,adam,0.01,constant,1000,50,1e-06,50,abs_eval_loss_delta_le_threshold_on_eval_interval,best_over_restarts_for_row;mean_se_for_figure;median_iqr_in_summary,33,45,700,450,threshold,threshold,10.740844896063209,5.129237070679665
8,3,8,7,0.875,weyl_seed_307008,weyl_labels_seed_607008_unique,uniform,307008,607008,8,7,drop_extra,"[1, 1, 1, 1, 1, 1, 1]",0.875,0.8557083810862016,0.8557083674709041,1.3615297556057726e-08,1.5911141992994176e-08,0.8557083692473945,1.1838807156827613e-08,1.3835095481710615e-08,2.7410583616423693e-07,7.51340094192955e-14,"[2.737009340802119e-07, 1.4691629143646982e-08, 2.4421580662449715e-09]",56,15,3.7333333333333334,adam,0.01,constant,1000,50,1e-06,50,abs_eval_loss_delta_le_threshold_on_eval_interval,best_over_restarts_for_row;mean_se_for_figure;median_iqr_in_summary,46,13,350,350,threshold,threshold,5.3165383860468864,4.143258927389979
9,3,8,7,0.875,weyl_seed_307009,weyl_labels_seed_607009_unique,uniform,307009,607009,8,7,drop_extra,"[1, 1, 1, 1, 1, 1, 1]",0.875,0.6807714899828061,0.6807722536822538,-7.636994476811765e-07,-1.1218146748484793e-06,0.6807722650852692,-7.751024631019732e-07,-1.1385648114047042e-06,8.972483263792362e-08,8.050545591903404e-15,"[8.946935913987224e-08, 6.740584929051234e-09, 5.864143741507714e-10]",56,15,3.7333333333333334,adam,0.01,constant,1000,50,1e-06,50,abs_eval_loss_delta_le_threshold_on_eval_interval,best_over_restarts_for_row;mean_se_for_figure;median_iqr_in_summary,16,30,450,700,threshold,threshold,10.161903880536556,7.3682167530059814
0,3,8,8,1.0,weyl_seed_308000,weyl_labels_seed_608000_unique,uniform,308000,608000,8,8,drop_extra,"[1, 1, 1, 1, 1, 1, 1, 1]",1.0,0.7710054242671281,0.7710073438831603,-1.9196160321310884e-06,-2.4897568443902467e-06,0.7710073574056647,-1.933138536580614e-06,-2.5072956372753677e-06,1.0093495897714656e-07,1.0187865943718259e-14,"[9.661108492946241e-08, 2.843281182494886e-08, 6.763092798232753e-09]",56,15,3.7333333333333334,adam,0.01,constant,1000,50,1e-06,50,abs_eval_loss_delta_le_threshold_on_eval_interval,best_over_restarts_for_row;mean_se_for_figure;median_iqr_in_summary,25,13,500,300,threshold,threshold,8.349385190755129,3.9701286759227514
1,3,8,8,1.0,weyl_seed_308001,weyl_labels_seed_608001_unique,uniform,308001,608001,8,8,drop_extra,"[1, 1, 1, 1, 1, 1, 1, 1]",1.0,0.7855572668897552,0.7855577099349651,-4.430452098524995e-07,-5.639884302854731e-07,0.785557711563839,-4.4467408377713014e-07,-5.660619569311877e-07,4.5248324745867407e-07,2.0474108923074766e-13,"[4.50555910997853e-07, 4.1355817481876946e-08, 5.491507629798009e-09]",56,15,3.7333333333333334,adam,0.01,constant,1000,50,1e-06,50,abs_eval_loss_delta_le_threshold_on_eval_interval,best_over_restarts_for_row;mean_se_for_figure;median_iqr_in_summary,48,19,750,400,threshold,threshold,11.324880465865135,4.646918948739767
2,3,8,8,1.0,weyl_seed_308002,weyl_labels_seed_608002_unique,uniform,308002,608002,8,8,drop_extra,"[1, 1, 1, 1, 1, 1, 1, 1]",1.0,0.8295348730786222,0.8295363743332853,-1.5012546631387735e-06,-1.8097547334775964e-06,0.8295363805967592,-1.5075181369894608e-06,-1.8173053188163921e-06,1.0080941047033322e-07,1.0162537239376128e-14,"[9.994562479665419e-08, 1.306698964303478e-08, 1.6319022799706363e-09]",56,15,3.7333333333333334,adam,0.01,constant,1000,50,1e-06,50,abs_eval_loss_delta_le_threshold_on_eval_interval,best_over_restarts_for_row;mean_se_for_figure;median_iqr_in_summary,33,45,450,750,threshold,threshold,6.710378127172589,8.151374844834208
3,3,8,8,1.0,weyl_seed_308003,weyl_labels_seed_608003_unique,uniform,308003,608003,8,8,drop_extra,"[1, 1, 1, 1, 1, 1, 1, 1]",1.0,0.6863409464462593,0.6863428395974148,-1.8931511555075886e-06,-2.7583246567321376e-06,0.6863428559703174,-1.9095240580968564e-06,-2.7821800054098517e-06,2.9674459857787134e-07,8.805735678514199e-14,"[2.9435744017063863e-07, 3.7561817192765264e-08, 4.050808662016469e-10]",56,15,3.7333333333333334,adam,0.01,constant,1000,50,1e-06,50,abs_eval_loss_delta_le_threshold_on_eval_interval,best_over_restarts_for_row;mean_se_for_figure;median_iqr_in_summary,17,15,900,550,threshold,threshold,13.577440252527595,6.912730531767011
4,3,8,8,1.0,weyl_seed_308004,weyl_labels_seed_608004_unique,uniform,308004,608004,8,8,drop_extra,"[1, 1, 1, 1, 1, 1, 1, 1]",1.0,0.8177296341060353,0.817731728340827,-2.0942347916941273e-06,-2.5610357070935833e-06,0.817731735836777,-2.101730741776997e-06,-2.5702024900622166e-06,4.696273992239438e-07,2.2054989410184551e-13,"[4.6555308348232496e-07, 6.141308573900039e-08, 6.21719084145594e-09]",56,15,3.7333333333333334,adam,0.01,constant,1000,50,1e-06,50,abs_eval_loss_delta_le_threshold_on_eval_interval,best_over_restarts_for_row;mean_se_for_figure;median_iqr_in_summary,28,21,600,500,threshold,threshold,9.914529625326395,5.686588915064931
5,3,8,8,1.0,weyl_seed_308005,weyl_labels_seed_608005_unique,uniform,308005,608005,8,8,drop_extra,"[1, 1, 1, 1, 1, 1, 1, 1]",1.0,0.8167435949144891,0.8167453091922177,-1.7142777285483746e-06,-2.0989178724172975e-06,0.8167453104337595,-1.715519270417687e-06,-2.100437984576172e-06,2.9118699838031437e-07,8.47898680257372e-14,"[2.6435563274905633e-07, 1.220899624244466e-07, 9.238387561189692e-11]",56,15,3.7333333333333334,adam,0.01,constant,1000,50,1e-06,50,abs_eval_loss_delta_le_threshold_on_eval_interval,best_over_restarts_for_row;mean_se_for_figure;median_iqr_in_summary,47,48,400,500,threshold,threshold,6.14107315801084,7.696486359462142
6,3,8,8,1.0,weyl_seed_308006,weyl_labels_seed_608006_unique,uniform,308006,608006,8,8,drop_extra,"[1, 1, 1, 1, 1, 1, 1, 1]",1.0,0.774859773773951,0.7748628129176051,-3.039143654071097e-06,-3.922185351381659e-06,0.774862852442492,-3.078668540990037e-06,-3.97319443490452e-06,9.980767804547163e-08,9.961572596828519e-15,"[9.732042177970393e-08, 2.1788880032605897e-08, 3.943704904497486e-09]",56,15,3.7333333333333334,adam,0.01,constant,1000,50,1e-06,50,abs_eval_loss_delta_le_threshold_on_eval_interval,best_over_restarts_for_row;mean_se_for_figure;median_iqr_in_summary,6,13,450,350,threshold,threshold,7.591227486729622,3.8898358400911093
7,3,8,8,1.0,weyl_seed_308007,weyl_labels_seed_608007_unique,uniform,308007,608007,8,8,drop_extra,"[1, 1, 1, 1, 1, 1, 1, 1]",1.0,0.7663901190549565,0.766391537055406,-1.418000449504575e-06,-1.8502332092343856e-06,0.7663915452997203,-1.4262447638468956e-06,-1.8609905430482489e-06,6.800149321364786e-07,4.624203079285796e-13,"[6.620425156887569e-07, 1.5530614821067238e-07, 1.2520801233912933e-10]",56,15,3.7333333333333334,adam,0.01,constant,1000,50,1e-06,50,abs_eval_loss_delta_le_threshold_on_eval_interval,best_over_restarts_for_row;mean_se_for_figure;median_iqr_in_summary,38,43,400,550,threshold,threshold,7.144651183858514,7.5685832388699055
8,3,8,8,1.0,weyl_seed_308008,weyl_labels_seed_608008_unique,uniform,308008,608008,8,8,drop_extra,"[1, 1, 1, 1, 1, 1, 1, 1]",1.0,0.7574250083808332,0.7574292293036,-4.220922766862145e-06,-5.572726963274318e-06,0.7574292892301457,-4.2808493125878755e-06,-5.651845747395054e-06,9.151556432774522e-07,8.375098514225672e-13,"[9.145617950018858e-07, 1.718469540795429e-08, 2.8129358137571695e-08]",56,15,3.7333333333333334,adam,0.01,constant,1000,50,1e-06,50,abs_eval_loss_delta_le_threshold_on_eval_interval,best_over_restarts_for_row;mean_se_for_figure;median_iqr_in_summary,29,9,550,400,threshold,threshold,7.783544508740306,4.820104453712702
9,3,8,8,1.0,weyl_seed_308009,weyl_labels_seed_608009_unique,uniform,308009,608009,8,8,drop_extra,"[1, 1, 1, 1, 1, 1, 1, 1]",1.0,0.7887150445490275,0.7887243813009737,-9.336751946142918e-06,-1.183792804596684e-05,0.7887244151165749,-9.370567547350994e-06,-1.188080234060821e-05,5.220488686635054e-07,2.725350212728459e-13,"[5.181351264944227e-07, 6.380439563116439e-08, 1.0518363175788349e-10]",56,15,3.7333333333333334,adam,0.01,constant,1000,50,1e-06,50,abs_eval_loss_delta_le_threshold_on_eval_interval,best_over_restarts_for_row;mean_se_for_figure;median_iqr_in_summary,9,49,550,550,threshold,threshold,9.769002139568329,6.311592936515808
0,3,8,9,1.125,weyl_seed_309000,weyl_labels_seed_609000_unique,uniform,309000,609000,16,9,drop_extra,"[1, 1, 1, 1, 1, 1, 1, 1, 1]",0.5625,0.6976769379201079,0.6976765146291072,4.2329100069515846e-07,6.067149101374341e-07,0.6917046526801862,0.00597228523992166,0.008560244599350016,8.726920115171382e-06,7.615913469658288e-11,"[2.1302792794227174e-18, 3.788753076079771e-08, 4.747655741221458e-06, 7.3223947035408216e-06]",120,22,5.454545454545454,adam,0.01,constant,1000,50,1e-06,50,abs_eval_loss_delta_le_threshold_on_eval_interval,best_over_restarts_for_row;mean_se_for_figure;median_iqr_in_summary,39,35,750,700,threshold,threshold,68.69023441709578,38.396965481340885
1,3,8,9,1.125,weyl_seed_309001,weyl_labels_seed_609001_unique,uniform,309001,609001,16,9,drop_extra,"[1, 1, 1, 1, 1, 1, 1, 1, 1]",0.5625,0.7600614553931042,0.760061888742297,-4.3334919275217487e-07,-5.701502025622999e-07,0.7177832286927677,0.04227822670033654,0.0556247477099996,2.1809591367787133e-07,4.756582756298551e-14,"[1.3603984136355835e-20, 1.5992284230898947e-07, 1.4829186771767702e-07, 1.8449824546792736e-10]",120,22,5.454545454545454,adam,0.01,constant,1000,50,1e-06,50,abs_eval_loss_delta_le_threshold_on_eval_interval,best_over_restarts_for_row;mean_se_for_figure;median_iqr_in_summary,6,9,700,850,threshold,threshold,51.77698373794556,39.25712515600026
2,3,8,9,1.125,weyl_seed_309002,weyl_labels_seed_609002_unique,uniform,309002,609002,16,9,drop_extra,"[1, 1, 1, 1, 1, 1, 1, 1, 1]",0.5625,0.6767096934236514,0.6767118577926751,-2.164369023671675e-06,-3.1983715390887427e-06,0.6525122539661541,0.024197439457497305,0.03575748905719989,7.772433456232283e-08,6.0410721831558915e-15,"[1.1397512772691652e-14, 6.078605233635341e-08, 4.8436748868861785e-08, 9.686863621080985e-11]",120,22,5.454545454545454,adam,0.01,constant,1000,50,1e-06,50,abs_eval_loss_delta_le_threshold_on_eval_interval,best_over_restarts_for_row;mean_se_for_figure;median_iqr_in_summary,24,0,650,650,threshold,threshold,58.4372142739594,185.0095848068595
3,3,8,9,1.125,weyl_seed_309003,weyl_labels_seed_609003_unique,uniform,309003,609003,16,9,drop_extra,"[1, 1, 1, 1, 1, 1, 1, 1, 1]",0.5625,0.7297702373273574,0.7297699479890771,2.8933828022381647e-07,3.964785975425116e-07,0.72234182851567,0.007428408811687381,0.010179106288155153,6.271531450115702e-06,3.9332106729790353e-11,"[7.720136540177107e-13, 2.5209051684670466e-07, 6.0582463784257215e-06, 1.6019388001410483e-06]",120,22,5.454545454545454,adam,0.01,constant,1000,50,1e-06,50,abs_eval_loss_delta_le_threshold_on_eval_interval,best_over_restarts_for_row;mean_se_for_figure;median_iqr_in_summary,29,9,550,450,threshold,threshold,48.27872560918331,25.891907051205635
4,3,8,9,1.125,weyl_seed_309004,weyl_labels_seed_609004_unique,uniform,309004,609004,16,9,drop_extra,"[1, 1, 1, 1, 1, 1, 1, 1, 1]",0.5625,0.721296251925996,0.7212923668884063,3.885037589745899e-06,5.386188517370112e-06,0.7176219130076273,0.003674338918368658,0.005094077376053855,1.0983094590437184e-06,1.2062836678249054e-12,"[1.8755421811220404e-09, 1.0656105743081307e-06, 2.611797735862711e-07, 5.039226089938969e-08]",120,22,5.454545454545454,adam,0.01,constant,1000,50,1e-06,50,abs_eval_loss_delta_le_threshold_on_eval_interval,best_over_restarts_for_row;mean_se_for_figure;median_iqr_in_summary,40,43,650,400,threshold,threshold,62.4856483489275,20.49822573363781
5,3,8,9,1.125,weyl_seed_309005,weyl_labels_seed_609005_unique,uniform,309005,609005,16,9,drop_extra,"[1, 1, 1, 1, 1, 1, 1, 1, 1]",0.5625,0.7041657144196574,0.7041675176980221,-1.8032783647425887e-06,-2.560872146734341e-06,0.6330343053205411,0.0711314090991163,0.10101515544212446,0.060947274067681786,0.003714570216281117,"[0.06094727334072611, 9.16040914052339e-06, 2.1124899126718114e-06, 4.860290717649608e-07]",120,22,5.454545454545454,adam,0.01,constant,1000,50,1e-06,50,abs_eval_loss_delta_le_threshold_on_eval_interval,best_over_restarts_for_row;mean_se_for_figure;median_iqr_in_summary,1,48,600,1000,threshold,max_steps,77.27976201288402,51.516988480463624
6,3,8,9,1.125,weyl_seed_309006,weyl_labels_seed_609006_unique,uniform,309006,609006,16,9,drop_extra,"[1, 1, 1, 1, 1, 1, 1, 1, 1]",0.5625,0.6840817328009497,0.684082940577027,-1.2077760772610802e-06,-1.7655435298876955e-06,0.6653578536107572,0.018723879190192583,0.027370821778164266,1.938836908204606e-06,3.759088556616396e-12,"[7.671447317004086e-08, 1.9203498566960443e-06, 2.169639636197735e-07, 1.3559687533464272e-07]",120,22,5.454545454545454,adam,0.01,constant,1000,50,1e-06,50,abs_eval_loss_delta_le_threshold_on_eval_interval,best_over_restarts_for_row;mean_se_for_figure;median_iqr_in_summary,30,19,600,300,threshold,threshold,53.02966865897179,16.570251900702715
7,3,8,9,1.125,weyl_seed_309007,weyl_labels_seed_609007_unique,uniform,309007,609007,16,9,drop_extra,"[1, 1, 1, 1, 1, 1, 1, 1, 1]",0.5625,0.7608501238502832,0.7608515067976435,-1.3829473602955389e-06,-1.8176344025510987e-06,0.721482215711178,0.03936790813910518,0.05174200135485794,4.441465151080805e-06,1.972661268826524e-11,"[4.379754680815098e-06, 6.231038999770105e-07, 3.9509863515563935e-07, 4.716726315547447e-10]",120,22,5.454545454545454,adam,0.01,constant,1000,50,1e-06,50,abs_eval_loss_delta_le_threshold_on_eval_interval,best_over_restarts_for_row;mean_se_for_figure;median_iqr_in_summary,5,45,650,700,threshold,threshold,59.797256952151656,37.79412659071386
8,3,8,9,1.125,weyl_seed_309008,weyl_labels_seed_609008_unique,uniform,309008,609008,16,9,drop_extra,"[1, 1, 1, 1, 1, 1, 1, 1, 1]",0.5625,0.7372067000682518,0.7371972815058662,9.418562385676843e-06,1.2776013002601382e-05,0.7211670767521741,0.016039623316077778,0.021757294547910106,5.0307711706977235e-06,2.530865857192334e-11,"[3.439336211466222e-10, 1.98585542160593e-06, 4.622060120614139e-06, 3.996172593553129e-08]",120,22,5.454545454545454,adam,0.01,constant,1000,50,1e-06,50,abs_eval_loss_delta_le_threshold_on_eval_interval,best_over_restarts_for_row;mean_se_for_figure;median_iqr_in_summary,28,5,850,400,threshold,threshold,77.06318797916174,24.31173758022487
9,3,8,9,1.125,weyl_seed_309009,weyl_labels_seed_609009_unique,uniform,309009,609009,16,9,drop_extra,"[1, 1, 1, 1, 1, 1, 1, 1, 1]",0.5625,0.7477531864471982,0.7477509838443168,2.2026028814181586e-06,2.945628211741085e-06,0.690085037470956,0.057668148976242284,0.07712190335188154,0.025631740753223754,0.0006569861340404714,"[0.025630881428838594, 2.5020534094508905e-06, 3.00620672411212e-06, 0.00020984738201398776]",120,22,5.454545454545454,adam,0.01,constant,1000,50,1e-06,50,abs_eval_loss_delta_le_threshold_on_eval_interval,best_over_restarts_for_row;mean_se_for_figure;median_iqr_in_summary,14,38,450,1000,threshold,max_steps,40.38113006018102,59.19232321344316
